source_no,source_nama_ramah,source_tabel_db,source_url,source_judul_resmi_tabel,source_title_score,source_selected_th_id,source_selected_th_year,labelvervar,vervar_id,vervar,var_id,variabel,unit,subject,labelturvar,turvar_id,turvar,labeltahun,tahun_id,tahun,labelturtahun,turth_id,turth,nilai,datacontent_key
12,Inflasi Daerah,usecase_ekonomi.ekonomi_inflasi_provinsi_ranking,https://www.bps.go.id/id/statistics-table/2/MjI2MyMy/inflasi-year-on-year--desember-2025.html,"Inflasi Tahunan (Y-on-Y) 38 Provinsi (2022=100) (Persen), 2026",1.0,126,2026,38 Provinsi (2022=100),1100,PROV ACEH,2263,Inflasi Tahunan (Y-on-Y) 38 Provinsi (2022=100),Persen,Inflasi,turvar,0,Tidak ada,tahun,126,2026,turtahun,1,Januari,6.69,1100226301261
12,Inflasi Daerah,usecase_ekonomi.ekonomi_inflasi_provinsi_ranking,https://www.bps.go.id/id/statistics-table/2/MjI2MyMy/inflasi-year-on-year--desember-2025.html,"Inflasi Tahunan (Y-on-Y) 38 Provinsi (2022=100) (Persen), 2026",1.0,126,2026,38 Provinsi (2022=100),1100,PROV ACEH,2263,Inflasi Tahunan (Y-on-Y) 38 Provinsi (2022=100),Persen,Inflasi,turvar,0,Tidak ada,tahun,126,2026,turtahun,2,Februari,6.94,1100226301262
12,Inflasi Daerah,usecase_ekonomi.ekonomi_inflasi_provinsi_ranking,https://www.bps.go.id/id/statistics-table/2/MjI2MyMy/inflasi-year-on-year--desember-2025.html,"Inflasi Tahunan (Y-on-Y) 38 Provinsi (2022=100) (Persen), 2026",1.0,126,2026,38 Provinsi (2022=100),1100,PROV ACEH,2263,Inflasi Tahunan (Y-on-Y) 38 Provinsi (2022=100),Persen,Inflasi,turvar,0,Tidak ada,tahun,126,2026,turtahun,3,Maret,5.31,1100226301263
12,Inflasi Daerah,usecase_ekonomi.ekonomi_inflasi_provinsi_ranking,https://www.bps.go.id/id/statistics-table/2/MjI2MyMy/inflasi-year-on-year--desember-2025.html,"Inflasi Tahunan (Y-on-Y) 38 Provinsi (2022=100) (Persen), 2026",1.0,126,2026,38 Provinsi (2022=100),1100,PROV ACEH,2263,Inflasi Tahunan (Y-on-Y) 38 Provinsi (2022=100),Persen,Inflasi,turvar,0,Tidak ada,tahun,126,2026,turtahun,4,April,3.88,1100226301264
12,Inflasi Daerah,usecase_ekonomi.ekonomi_inflasi_provinsi_ranking,https://www.bps.go.id/id/statistics-table/2/MjI2MyMy/inflasi-year-on-year--desember-2025.html,"Inflasi Tahunan (Y-on-Y) 38 Provinsi (2022=100) (Persen), 2026",1.0,126,2026,38 Provinsi (2022=100),1100,PROV ACEH,2263,Inflasi Tahunan (Y-on-Y) 38 Provinsi (2022=100),Persen,Inflasi,turvar,0,Tidak ada,tahun,126,2026,turtahun,5,Mei,5.12,1100226301265
12,Inflasi Daerah,usecase_ekonomi.ekonomi_inflasi_provinsi_ranking,https://www.bps.go.id/id/statistics-table/2/MjI2MyMy/inflasi-year-on-year--desember-2025.html,"Inflasi Tahunan (Y-on-Y) 38 Provinsi (2022=100) (Persen), 2026",1.0,126,2026,38 Provinsi (2022=100),1200,PROV SUMATERA UTARA,2263,Inflasi Tahunan (Y-on-Y) 38 Provinsi (2022=100),Persen,Inflasi,turvar,0,Tidak ada,tahun,126,2026,turtahun,1,Januari,3.81,1200226301261
12,Inflasi Daerah,usecase_ekonomi.ekonomi_inflasi_provinsi_ranking,https://www.bps.go.id/id/statistics-table/2/MjI2MyMy/inflasi-year-on-year--desember-2025.html,"Inflasi Tahunan (Y-on-Y) 38 Provinsi (2022=100) (Persen), 2026",1.0,126,2026,38 Provinsi (2022=100),1200,PROV SUMATERA UTARA,2263,Inflasi Tahunan (Y-on-Y) 38 Provinsi (2022=100),Persen,Inflasi,turvar,0,Tidak ada,tahun,126,2026,turtahun,2,Februari,4.71,1200226301262
12,Inflasi Daerah,usecase_ekonomi.ekonomi_inflasi_provinsi_ranking,https://www.bps.go.id/id/statistics-table/2/MjI2MyMy/inflasi-year-on-year--desember-2025.html,"Inflasi Tahunan (Y-on-Y) 38 Provinsi (2022=100) (Persen), 2026",1.0,126,2026,38 Provinsi (2022=100),1200,PROV SUMATERA UTARA,2263,Inflasi Tahunan (Y-on-Y) 38 Provinsi (2022=100),Persen,Inflasi,turvar,0,Tidak ada,tahun,126,2026,turtahun,3,Maret,3.86,1200226301263
12,Inflasi Daerah,usecase_ekonomi.ekonomi_inflasi_provinsi_ranking,https://www.bps.go.id/id/statistics-table/2/MjI2MyMy/inflasi-year-on-year--desember-2025.html,"Inflasi Tahunan (Y-on-Y) 38 Provinsi (2022=100) (Persen), 2026",1.0,126,2026,38 Provinsi (2022=100),1200,PROV SUMATERA UTARA,2263,Inflasi Tahunan (Y-on-Y) 38 Provinsi (2022=100),Persen,Inflasi,turvar,0,Tidak ada,tahun,126,2026,turtahun,4,April,2.92,1200226301264
12,Inflasi Daerah,usecase_ekonomi.ekonomi_inflasi_provinsi_ranking,https://www.bps.go.id/id/statistics-table/2/MjI2MyMy/inflasi-year-on-year--desember-2025.html,"Inflasi Tahunan (Y-on-Y) 38 Provinsi (2022=100) (Persen), 2026",1.0,126,2026,38 Provinsi (2022=100),1200,PROV SUMATERA UTARA,2263,Inflasi Tahunan (Y-on-Y) 38 Provinsi (2022=100),Persen,Inflasi,turvar,0,Tidak ada,tahun,126,2026,turtahun,5,Mei,4.35,1200226301265
12,Inflasi Daerah,usecase_ekonomi.ekonomi_inflasi_provinsi_ranking,https://www.bps.go.id/id/statistics-table/2/MjI2MyMy/inflasi-year-on-year--desember-2025.html,"Inflasi Tahunan (Y-on-Y) 38 Provinsi (2022=100) (Persen), 2026",1.0,126,2026,38 Provinsi (2022=100),1300,PROV SUMATERA BARAT,2263,Inflasi Tahunan (Y-on-Y) 38 Provinsi (2022=100),Persen,Inflasi,turvar,0,Tidak ada,tahun,126,2026,turtahun,1,Januari,3.92,1300226301261
12,Inflasi Daerah,usecase_ekonomi.ekonomi_inflasi_provinsi_ranking,https://www.bps.go.id/id/statistics-table/2/MjI2MyMy/inflasi-year-on-year--desember-2025.html,"Inflasi Tahunan (Y-on-Y) 38 Provinsi (2022=100) (Persen), 2026",1.0,126,2026,38 Provinsi (2022=100),1300,PROV SUMATERA BARAT,2263,Inflasi Tahunan (Y-on-Y) 38 Provinsi (2022=100),Persen,Inflasi,turvar,0,Tidak ada,tahun,126,2026,turtahun,2,Februari,4.39,1300226301262
12,Inflasi Daerah,usecase_ekonomi.ekonomi_inflasi_provinsi_ranking,https://www.bps.go.id/id/statistics-table/2/MjI2MyMy/inflasi-year-on-year--desember-2025.html,"Inflasi Tahunan (Y-on-Y) 38 Provinsi (2022=100) (Persen), 2026",1.0,126,2026,38 Provinsi (2022=100),1300,PROV SUMATERA BARAT,2263,Inflasi Tahunan (Y-on-Y) 38 Provinsi (2022=100),Persen,Inflasi,turvar,0,Tidak ada,tahun,126,2026,turtahun,3,Maret,3.37,1300226301263
12,Inflasi Daerah,usecase_ekonomi.ekonomi_inflasi_provinsi_ranking,https://www.bps.go.id/id/statistics-table/2/MjI2MyMy/inflasi-year-on-year--desember-2025.html,"Inflasi Tahunan (Y-on-Y) 38 Provinsi (2022=100) (Persen), 2026",1.0,126,2026,38 Provinsi (2022=100),1300,PROV SUMATERA BARAT,2263,Inflasi Tahunan (Y-on-Y) 38 Provinsi (2022=100),Persen,Inflasi,turvar,0,Tidak ada,tahun,126,2026,turtahun,4,April,1.97,1300226301264
12,Inflasi Daerah,usecase_ekonomi.ekonomi_inflasi_provinsi_ranking,https://www.bps.go.id/id/statistics-table/2/MjI2MyMy/inflasi-year-on-year--desember-2025.html,"Inflasi Tahunan (Y-on-Y) 38 Provinsi (2022=100) (Persen), 2026",1.0,126,2026,38 Provinsi (2022=100),1300,PROV SUMATERA BARAT,2263,Inflasi Tahunan (Y-on-Y) 38 Provinsi (2022=100),Persen,Inflasi,turvar,0,Tidak ada,tahun,126,2026,turtahun,5,Mei,3.91,1300226301265
12,Inflasi Daerah,usecase_ekonomi.ekonomi_inflasi_provinsi_ranking,https://www.bps.go.id/id/statistics-table/2/MjI2MyMy/inflasi-year-on-year--desember-2025.html,"Inflasi Tahunan (Y-on-Y) 38 Provinsi (2022=100) (Persen), 2026",1.0,126,2026,38 Provinsi (2022=100),1400,PROV RIAU,2263,Inflasi Tahunan (Y-on-Y) 38 Provinsi (2022=100),Persen,Inflasi,turvar,0,Tidak ada,tahun,126,2026,turtahun,1,Januari,4.43,1400226301261
12,Inflasi Daerah,usecase_ekonomi.ekonomi_inflasi_provinsi_ranking,https://www.bps.go.id/id/statistics-table/2/MjI2MyMy/inflasi-year-on-year--desember-2025.html,"Inflasi Tahunan (Y-on-Y) 38 Provinsi (2022=100) (Persen), 2026",1.0,126,2026,38 Provinsi (2022=100),1400,PROV RIAU,2263,Inflasi Tahunan (Y-on-Y) 38 Provinsi (2022=100),Persen,Inflasi,turvar,0,Tidak ada,tahun,126,2026,turtahun,2,Februari,5.3,1400226301262
12,Inflasi Daerah,usecase_ekonomi.ekonomi_inflasi_provinsi_ranking,https://www.bps.go.id/id/statistics-table/2/MjI2MyMy/inflasi-year-on-year--desember-2025.html,"Inflasi Tahunan (Y-on-Y) 38 Provinsi (2022=100) (Persen), 2026",1.0,126,2026,38 Provinsi (2022=100),1400,PROV RIAU,2263,Inflasi Tahunan (Y-on-Y) 38 Provinsi (2022=100),Persen,Inflasi,turvar,0,Tidak ada,tahun,126,2026,turtahun,3,Maret,3.65,1400226301263
12,Inflasi Daerah,usecase_ekonomi.ekonomi_inflasi_provinsi_ranking,https://www.bps.go.id/id/statistics-table/2/MjI2MyMy/inflasi-year-on-year--desember-2025.html,"Inflasi Tahunan (Y-on-Y) 38 Provinsi (2022=100) (Persen), 2026",1.0,126,2026,38 Provinsi (2022=100),1400,PROV RIAU,2263,Inflasi Tahunan (Y-on-Y) 38 Provinsi (2022=100),Persen,Inflasi,turvar,0,Tidak ada,tahun,126,2026,turtahun,4,April,2.37,1400226301264
12,Inflasi Daerah,usecase_ekonomi.ekonomi_inflasi_provinsi_ranking,https://www.bps.go.id/id/statistics-table/2/MjI2MyMy/inflasi-year-on-year--desember-2025.html,"Inflasi Tahunan (Y-on-Y) 38 Provinsi (2022=100) (Persen), 2026",1.0,126,2026,38 Provinsi (2022=100),1400,PROV RIAU,2263,Inflasi Tahunan (Y-on-Y) 38 Provinsi (2022=100),Persen,Inflasi,turvar,0,Tidak ada,tahun,126,2026,turtahun,5,Mei,3.95,1400226301265
12,Inflasi Daerah,usecase_ekonomi.ekonomi_inflasi_provinsi_ranking,https://www.bps.go.id/id/statistics-table/2/MjI2MyMy/inflasi-year-on-year--desember-2025.html,"Inflasi Tahunan (Y-on-Y) 38 Provinsi (2022=100) (Persen), 2026",1.0,126,2026,38 Provinsi (2022=100),1500,PROV JAMBI,2263,Inflasi Tahunan (Y-on-Y) 38 Provinsi (2022=100),Persen,Inflasi,turvar,0,Tidak ada,tahun,126,2026,turtahun,1,Januari,3.35,1500226301261
12,Inflasi Daerah,usecase_ekonomi.ekonomi_inflasi_provinsi_ranking,https://www.bps.go.id/id/statistics-table/2/MjI2MyMy/inflasi-year-on-year--desember-2025.html,"Inflasi Tahunan (Y-on-Y) 38 Provinsi (2022=100) (Persen), 2026",1.0,126,2026,38 Provinsi (2022=100),1500,PROV JAMBI,2263,Inflasi Tahunan (Y-on-Y) 38 Provinsi (2022=100),Persen,Inflasi,turvar,0,Tidak ada,tahun,126,2026,turtahun,2,Februari,4.59,1500226301262
12,Inflasi Daerah,usecase_ekonomi.ekonomi_inflasi_provinsi_ranking,https://www.bps.go.id/id/statistics-table/2/MjI2MyMy/inflasi-year-on-year--desember-2025.html,"Inflasi Tahunan (Y-on-Y) 38 Provinsi (2022=100) (Persen), 2026",1.0,126,2026,38 Provinsi (2022=100),1500,PROV JAMBI,2263,Inflasi Tahunan (Y-on-Y) 38 Provinsi (2022=100),Persen,Inflasi,turvar,0,Tidak ada,tahun,126,2026,turtahun,3,Maret,3.55,1500226301263
12,Inflasi Daerah,usecase_ekonomi.ekonomi_inflasi_provinsi_ranking,https://www.bps.go.id/id/statistics-table/2/MjI2MyMy/inflasi-year-on-year--desember-2025.html,"Inflasi Tahunan (Y-on-Y) 38 Provinsi (2022=100) (Persen), 2026",1.0,126,2026,38 Provinsi (2022=100),1500,PROV JAMBI,2263,Inflasi Tahunan (Y-on-Y) 38 Provinsi (2022=100),Persen,Inflasi,turvar,0,Tidak ada,tahun,126,2026,turtahun,4,April,2.1,1500226301264
12,Inflasi Daerah,usecase_ekonomi.ekonomi_inflasi_provinsi_ranking,https://www.bps.go.id/id/statistics-table/2/MjI2MyMy/inflasi-year-on-year--desember-2025.html,"Inflasi Tahunan (Y-on-Y) 38 Provinsi (2022=100) (Persen), 2026",1.0,126,2026,38 Provinsi (2022=100),1500,PROV JAMBI,2263,Inflasi Tahunan (Y-on-Y) 38 Provinsi (2022=100),Persen,Inflasi,turvar,0,Tidak ada,tahun,126,2026,turtahun,5,Mei,3.56,1500226301265
12,Inflasi Daerah,usecase_ekonomi.ekonomi_inflasi_provinsi_ranking,https://www.bps.go.id/id/statistics-table/2/MjI2MyMy/inflasi-year-on-year--desember-2025.html,"Inflasi Tahunan (Y-on-Y) 38 Provinsi (2022=100) (Persen), 2026",1.0,126,2026,38 Provinsi (2022=100),1600,PROV SUMATERA SELATAN,2263,Inflasi Tahunan (Y-on-Y) 38 Provinsi (2022=100),Persen,Inflasi,turvar,0,Tidak ada,tahun,126,2026,turtahun,1,Januari,3.33,1600226301261
12,Inflasi Daerah,usecase_ekonomi.ekonomi_inflasi_provinsi_ranking,https://www.bps.go.id/id/statistics-table/2/MjI2MyMy/inflasi-year-on-year--desember-2025.html,"Inflasi Tahunan (Y-on-Y) 38 Provinsi (2022=100) (Persen), 2026",1.0,126,2026,38 Provinsi (2022=100),1600,PROV SUMATERA SELATAN,2263,Inflasi Tahunan (Y-on-Y) 38 Provinsi (2022=100),Persen,Inflasi,turvar,0,Tidak ada,tahun,126,2026,turtahun,2,Februari,4.36,1600226301262
12,Inflasi Daerah,usecase_ekonomi.ekonomi_inflasi_provinsi_ranking,https://www.bps.go.id/id/statistics-table/2/MjI2MyMy/inflasi-year-on-year--desember-2025.html,"Inflasi Tahunan (Y-on-Y) 38 Provinsi (2022=100) (Persen), 2026",1.0,126,2026,38 Provinsi (2022=100),1600,PROV SUMATERA SELATAN,2263,Inflasi Tahunan (Y-on-Y) 38 Provinsi (2022=100),Persen,Inflasi,turvar,0,Tidak ada,tahun,126,2026,turtahun,3,Maret,3.09,1600226301263
12,Inflasi Daerah,usecase_ekonomi.ekonomi_inflasi_provinsi_ranking,https://www.bps.go.id/id/statistics-table/2/MjI2MyMy/inflasi-year-on-year--desember-2025.html,"Inflasi Tahunan (Y-on-Y) 38 Provinsi (2022=100) (Persen), 2026",1.0,126,2026,38 Provinsi (2022=100),1600,PROV SUMATERA SELATAN,2263,Inflasi Tahunan (Y-on-Y) 38 Provinsi (2022=100),Persen,Inflasi,turvar,0,Tidak ada,tahun,126,2026,turtahun,4,April,1.63,1600226301264
12,Inflasi Daerah,usecase_ekonomi.ekonomi_inflasi_provinsi_ranking,https://www.bps.go.id/id/statistics-table/2/MjI2MyMy/inflasi-year-on-year--desember-2025.html,"Inflasi Tahunan (Y-on-Y) 38 Provinsi (2022=100) (Persen), 2026",1.0,126,2026,38 Provinsi (2022=100),1600,PROV SUMATERA SELATAN,2263,Inflasi Tahunan (Y-on-Y) 38 Provinsi (2022=100),Persen,Inflasi,turvar,0,Tidak ada,tahun,126,2026,turtahun,5,Mei,2.61,1600226301265
12,Inflasi Daerah,usecase_ekonomi.ekonomi_inflasi_provinsi_ranking,https://www.bps.go.id/id/statistics-table/2/MjI2MyMy/inflasi-year-on-year--desember-2025.html,"Inflasi Tahunan (Y-on-Y) 38 Provinsi (2022=100) (Persen), 2026",1.0,126,2026,38 Provinsi (2022=100),1700,PROV BENGKULU,2263,Inflasi Tahunan (Y-on-Y) 38 Provinsi (2022=100),Persen,Inflasi,turvar,0,Tidak ada,tahun,126,2026,turtahun,1,Januari,2.61,1700226301261
12,Inflasi Daerah,usecase_ekonomi.ekonomi_inflasi_provinsi_ranking,https://www.bps.go.id/id/statistics-table/2/MjI2MyMy/inflasi-year-on-year--desember-2025.html,"Inflasi Tahunan (Y-on-Y) 38 Provinsi (2022=100) (Persen), 2026",1.0,126,2026,38 Provinsi (2022=100),1700,PROV BENGKULU,2263,Inflasi Tahunan (Y-on-Y) 38 Provinsi (2022=100),Persen,Inflasi,turvar,0,Tidak ada,tahun,126,2026,turtahun,2,Februari,3.88,1700226301262
12,Inflasi Daerah,usecase_ekonomi.ekonomi_inflasi_provinsi_ranking,https://www.bps.go.id/id/statistics-table/2/MjI2MyMy/inflasi-year-on-year--desember-2025.html,"Inflasi Tahunan (Y-on-Y) 38 Provinsi (2022=100) (Persen), 2026",1.0,126,2026,38 Provinsi (2022=100),1700,PROV BENGKULU,2263,Inflasi Tahunan (Y-on-Y) 38 Provinsi (2022=100),Persen,Inflasi,turvar,0,Tidak ada,tahun,126,2026,turtahun,3,Maret,2.85,1700226301263
12,Inflasi Daerah,usecase_ekonomi.ekonomi_inflasi_provinsi_ranking,https://www.bps.go.id/id/statistics-table/2/MjI2MyMy/inflasi-year-on-year--desember-2025.html,"Inflasi Tahunan (Y-on-Y) 38 Provinsi (2022=100) (Persen), 2026",1.0,126,2026,38 Provinsi (2022=100),1700,PROV BENGKULU,2263,Inflasi Tahunan (Y-on-Y) 38 Provinsi (2022=100),Persen,Inflasi,turvar,0,Tidak ada,tahun,126,2026,turtahun,4,April,1.87,1700226301264
12,Inflasi Daerah,usecase_ekonomi.ekonomi_inflasi_provinsi_ranking,https://www.bps.go.id/id/statistics-table/2/MjI2MyMy/inflasi-year-on-year--desember-2025.html,"Inflasi Tahunan (Y-on-Y) 38 Provinsi (2022=100) (Persen), 2026",1.0,126,2026,38 Provinsi (2022=100),1700,PROV BENGKULU,2263,Inflasi Tahunan (Y-on-Y) 38 Provinsi (2022=100),Persen,Inflasi,turvar,0,Tidak ada,tahun,126,2026,turtahun,5,Mei,3.01,1700226301265
12,Inflasi Daerah,usecase_ekonomi.ekonomi_inflasi_provinsi_ranking,https://www.bps.go.id/id/statistics-table/2/MjI2MyMy/inflasi-year-on-year--desember-2025.html,"Inflasi Tahunan (Y-on-Y) 38 Provinsi (2022=100) (Persen), 2026",1.0,126,2026,38 Provinsi (2022=100),1800,PROV LAMPUNG,2263,Inflasi Tahunan (Y-on-Y) 38 Provinsi (2022=100),Persen,Inflasi,turvar,0,Tidak ada,tahun,126,2026,turtahun,1,Januari,1.9,1800226301261
12,Inflasi Daerah,usecase_ekonomi.ekonomi_inflasi_provinsi_ranking,https://www.bps.go.id/id/statistics-table/2/MjI2MyMy/inflasi-year-on-year--desember-2025.html,"Inflasi Tahunan (Y-on-Y) 38 Provinsi (2022=100) (Persen), 2026",1.0,126,2026,38 Provinsi (2022=100),1800,PROV LAMPUNG,2263,Inflasi Tahunan (Y-on-Y) 38 Provinsi (2022=100),Persen,Inflasi,turvar,0,Tidak ada,tahun,126,2026,turtahun,2,Februari,2.95,1800226301262
12,Inflasi Daerah,usecase_ekonomi.ekonomi_inflasi_provinsi_ranking,https://www.bps.go.id/id/statistics-table/2/MjI2MyMy/inflasi-year-on-year--desember-2025.html,"Inflasi Tahunan (Y-on-Y) 38 Provinsi (2022=100) (Persen), 2026",1.0,126,2026,38 Provinsi (2022=100),1800,PROV LAMPUNG,2263,Inflasi Tahunan (Y-on-Y) 38 Provinsi (2022=100),Persen,Inflasi,turvar,0,Tidak ada,tahun,126,2026,turtahun,3,Maret,1.16,1800226301263
12,Inflasi Daerah,usecase_ekonomi.ekonomi_inflasi_provinsi_ranking,https://www.bps.go.id/id/statistics-table/2/MjI2MyMy/inflasi-year-on-year--desember-2025.html,"Inflasi Tahunan (Y-on-Y) 38 Provinsi (2022=100) (Persen), 2026",1.0,126,2026,38 Provinsi (2022=100),1800,PROV LAMPUNG,2263,Inflasi Tahunan (Y-on-Y) 38 Provinsi (2022=100),Persen,Inflasi,turvar,0,Tidak ada,tahun,126,2026,turtahun,4,April,0.53,1800226301264
12,Inflasi Daerah,usecase_ekonomi.ekonomi_inflasi_provinsi_ranking,https://www.bps.go.id/id/statistics-table/2/MjI2MyMy/inflasi-year-on-year--desember-2025.html,"Inflasi Tahunan (Y-on-Y) 38 Provinsi (2022=100) (Persen), 2026",1.0,126,2026,38 Provinsi (2022=100),1800,PROV LAMPUNG,2263,Inflasi Tahunan (Y-on-Y) 38 Provinsi (2022=100),Persen,Inflasi,turvar,0,Tidak ada,tahun,126,2026,turtahun,5,Mei,1.94,1800226301265
12,Inflasi Daerah,usecase_ekonomi.ekonomi_inflasi_provinsi_ranking,https://www.bps.go.id/id/statistics-table/2/MjI2MyMy/inflasi-year-on-year--desember-2025.html,"Inflasi Tahunan (Y-on-Y) 38 Provinsi (2022=100) (Persen), 2026",1.0,126,2026,38 Provinsi (2022=100),1900,PROV KEPULAUAN BANGKA BELITUNG,2263,Inflasi Tahunan (Y-on-Y) 38 Provinsi (2022=100),Persen,Inflasi,turvar,0,Tidak ada,tahun,126,2026,turtahun,1,Januari,3.95,1900226301261
12,Inflasi Daerah,usecase_ekonomi.ekonomi_inflasi_provinsi_ranking,https://www.bps.go.id/id/statistics-table/2/MjI2MyMy/inflasi-year-on-year--desember-2025.html,"Inflasi Tahunan (Y-on-Y) 38 Provinsi (2022=100) (Persen), 2026",1.0,126,2026,38 Provinsi (2022=100),1900,PROV KEPULAUAN BANGKA BELITUNG,2263,Inflasi Tahunan (Y-on-Y) 38 Provinsi (2022=100),Persen,Inflasi,turvar,0,Tidak ada,tahun,126,2026,turtahun,2,Februari,3.31,1900226301262
12,Inflasi Daerah,usecase_ekonomi.ekonomi_inflasi_provinsi_ranking,https://www.bps.go.id/id/statistics-table/2/MjI2MyMy/inflasi-year-on-year--desember-2025.html,"Inflasi Tahunan (Y-on-Y) 38 Provinsi (2022=100) (Persen), 2026",1.0,126,2026,38 Provinsi (2022=100),1900,PROV KEPULAUAN BANGKA BELITUNG,2263,Inflasi Tahunan (Y-on-Y) 38 Provinsi (2022=100),Persen,Inflasi,turvar,0,Tidak ada,tahun,126,2026,turtahun,3,Maret,1.87,1900226301263
12,Inflasi Daerah,usecase_ekonomi.ekonomi_inflasi_provinsi_ranking,https://www.bps.go.id/id/statistics-table/2/MjI2MyMy/inflasi-year-on-year--desember-2025.html,"Inflasi Tahunan (Y-on-Y) 38 Provinsi (2022=100) (Persen), 2026",1.0,126,2026,38 Provinsi (2022=100),1900,PROV KEPULAUAN BANGKA BELITUNG,2263,Inflasi Tahunan (Y-on-Y) 38 Provinsi (2022=100),Persen,Inflasi,turvar,0,Tidak ada,tahun,126,2026,turtahun,4,April,1.49,1900226301264
12,Inflasi Daerah,usecase_ekonomi.ekonomi_inflasi_provinsi_ranking,https://www.bps.go.id/id/statistics-table/2/MjI2MyMy/inflasi-year-on-year--desember-2025.html,"Inflasi Tahunan (Y-on-Y) 38 Provinsi (2022=100) (Persen), 2026",1.0,126,2026,38 Provinsi (2022=100),1900,PROV KEPULAUAN BANGKA BELITUNG,2263,Inflasi Tahunan (Y-on-Y) 38 Provinsi (2022=100),Persen,Inflasi,turvar,0,Tidak ada,tahun,126,2026,turtahun,5,Mei,2.46,1900226301265
12,Inflasi Daerah,usecase_ekonomi.ekonomi_inflasi_provinsi_ranking,https://www.bps.go.id/id/statistics-table/2/MjI2MyMy/inflasi-year-on-year--desember-2025.html,"Inflasi Tahunan (Y-on-Y) 38 Provinsi (2022=100) (Persen), 2026",1.0,126,2026,38 Provinsi (2022=100),2100,PROV KEPULAUAN RIAU,2263,Inflasi Tahunan (Y-on-Y) 38 Provinsi (2022=100),Persen,Inflasi,turvar,0,Tidak ada,tahun,126,2026,turtahun,1,Januari,2.94,2100226301261
12,Inflasi Daerah,usecase_ekonomi.ekonomi_inflasi_provinsi_ranking,https://www.bps.go.id/id/statistics-table/2/MjI2MyMy/inflasi-year-on-year--desember-2025.html,"Inflasi Tahunan (Y-on-Y) 38 Provinsi (2022=100) (Persen), 2026",1.0,126,2026,38 Provinsi (2022=100),2100,PROV KEPULAUAN RIAU,2263,Inflasi Tahunan (Y-on-Y) 38 Provinsi (2022=100),Persen,Inflasi,turvar,0,Tidak ada,tahun,126,2026,turtahun,2,Februari,3.54,2100226301262
12,Inflasi Daerah,usecase_ekonomi.ekonomi_inflasi_provinsi_ranking,https://www.bps.go.id/id/statistics-table/2/MjI2MyMy/inflasi-year-on-year--desember-2025.html,"Inflasi Tahunan (Y-on-Y) 38 Provinsi (2022=100) (Persen), 2026",1.0,126,2026,38 Provinsi (2022=100),2100,PROV KEPULAUAN RIAU,2263,Inflasi Tahunan (Y-on-Y) 38 Provinsi (2022=100),Persen,Inflasi,turvar,0,Tidak ada,tahun,126,2026,turtahun,3,Maret,3.23,2100226301263
12,Inflasi Daerah,usecase_ekonomi.ekonomi_inflasi_provinsi_ranking,https://www.bps.go.id/id/statistics-table/2/MjI2MyMy/inflasi-year-on-year--desember-2025.html,"Inflasi Tahunan (Y-on-Y) 38 Provinsi (2022=100) (Persen), 2026",1.0,126,2026,38 Provinsi (2022=100),2100,PROV KEPULAUAN RIAU,2263,Inflasi Tahunan (Y-on-Y) 38 Provinsi (2022=100),Persen,Inflasi,turvar,0,Tidak ada,tahun,126,2026,turtahun,4,April,3.06,2100226301264
12,Inflasi Daerah,usecase_ekonomi.ekonomi_inflasi_provinsi_ranking,https://www.bps.go.id/id/statistics-table/2/MjI2MyMy/inflasi-year-on-year--desember-2025.html,"Inflasi Tahunan (Y-on-Y) 38 Provinsi (2022=100) (Persen), 2026",1.0,126,2026,38 Provinsi (2022=100),2100,PROV KEPULAUAN RIAU,2263,Inflasi Tahunan (Y-on-Y) 38 Provinsi (2022=100),Persen,Inflasi,turvar,0,Tidak ada,tahun,126,2026,turtahun,5,Mei,3.92,2100226301265
12,Inflasi Daerah,usecase_ekonomi.ekonomi_inflasi_provinsi_ranking,https://www.bps.go.id/id/statistics-table/2/MjI2MyMy/inflasi-year-on-year--desember-2025.html,"Inflasi Tahunan (Y-on-Y) 38 Provinsi (2022=100) (Persen), 2026",1.0,126,2026,38 Provinsi (2022=100),3100,PROV DKI JAKARTA,2263,Inflasi Tahunan (Y-on-Y) 38 Provinsi (2022=100),Persen,Inflasi,turvar,0,Tidak ada,tahun,126,2026,turtahun,1,Januari,3.96,3100226301261
12,Inflasi Daerah,usecase_ekonomi.ekonomi_inflasi_provinsi_ranking,https://www.bps.go.id/id/statistics-table/2/MjI2MyMy/inflasi-year-on-year--desember-2025.html,"Inflasi Tahunan (Y-on-Y) 38 Provinsi (2022=100) (Persen), 2026",1.0,126,2026,38 Provinsi (2022=100),3100,PROV DKI JAKARTA,2263,Inflasi Tahunan (Y-on-Y) 38 Provinsi (2022=100),Persen,Inflasi,turvar,0,Tidak ada,tahun,126,2026,turtahun,2,Februari,4.91,3100226301262
12,Inflasi Daerah,usecase_ekonomi.ekonomi_inflasi_provinsi_ranking,https://www.bps.go.id/id/statistics-table/2/MjI2MyMy/inflasi-year-on-year--desember-2025.html,"Inflasi Tahunan (Y-on-Y) 38 Provinsi (2022=100) (Persen), 2026",1.0,126,2026,38 Provinsi (2022=100),3100,PROV DKI JAKARTA,2263,Inflasi Tahunan (Y-on-Y) 38 Provinsi (2022=100),Persen,Inflasi,turvar,0,Tidak ada,tahun,126,2026,turtahun,3,Maret,3.37,3100226301263
12,Inflasi Daerah,usecase_ekonomi.ekonomi_inflasi_provinsi_ranking,https://www.bps.go.id/id/statistics-table/2/MjI2MyMy/inflasi-year-on-year--desember-2025.html,"Inflasi Tahunan (Y-on-Y) 38 Provinsi (2022=100) (Persen), 2026",1.0,126,2026,38 Provinsi (2022=100),3100,PROV DKI JAKARTA,2263,Inflasi Tahunan (Y-on-Y) 38 Provinsi (2022=100),Persen,Inflasi,turvar,0,Tidak ada,tahun,126,2026,turtahun,4,April,2.12,3100226301264
12,Inflasi Daerah,usecase_ekonomi.ekonomi_inflasi_provinsi_ranking,https://www.bps.go.id/id/statistics-table/2/MjI2MyMy/inflasi-year-on-year--desember-2025.html,"Inflasi Tahunan (Y-on-Y) 38 Provinsi (2022=100) (Persen), 2026",1.0,126,2026,38 Provinsi (2022=100),3100,PROV DKI JAKARTA,2263,Inflasi Tahunan (Y-on-Y) 38 Provinsi (2022=100),Persen,Inflasi,turvar,0,Tidak ada,tahun,126,2026,turtahun,5,Mei,2.49,3100226301265
12,Inflasi Daerah,usecase_ekonomi.ekonomi_inflasi_provinsi_ranking,https://www.bps.go.id/id/statistics-table/2/MjI2MyMy/inflasi-year-on-year--desember-2025.html,"Inflasi Tahunan (Y-on-Y) 38 Provinsi (2022=100) (Persen), 2026",1.0,126,2026,38 Provinsi (2022=100),3200,PROV JAWA BARAT,2263,Inflasi Tahunan (Y-on-Y) 38 Provinsi (2022=100),Persen,Inflasi,turvar,0,Tidak ada,tahun,126,2026,turtahun,1,Januari,3.24,3200226301261
12,Inflasi Daerah,usecase_ekonomi.ekonomi_inflasi_provinsi_ranking,https://www.bps.go.id/id/statistics-table/2/MjI2MyMy/inflasi-year-on-year--desember-2025.html,"Inflasi Tahunan (Y-on-Y) 38 Provinsi (2022=100) (Persen), 2026",1.0,126,2026,38 Provinsi (2022=100),3200,PROV JAWA BARAT,2263,Inflasi Tahunan (Y-on-Y) 38 Provinsi (2022=100),Persen,Inflasi,turvar,0,Tidak ada,tahun,126,2026,turtahun,2,Februari,4.71,3200226301262
12,Inflasi Daerah,usecase_ekonomi.ekonomi_inflasi_provinsi_ranking,https://www.bps.go.id/id/statistics-table/2/MjI2MyMy/inflasi-year-on-year--desember-2025.html,"Inflasi Tahunan (Y-on-Y) 38 Provinsi (2022=100) (Persen), 2026",1.0,126,2026,38 Provinsi (2022=100),3200,PROV JAWA BARAT,2263,Inflasi Tahunan (Y-on-Y) 38 Provinsi (2022=100),Persen,Inflasi,turvar,0,Tidak ada,tahun,126,2026,turtahun,3,Maret,3.6,3200226301263
12,Inflasi Daerah,usecase_ekonomi.ekonomi_inflasi_provinsi_ranking,https://www.bps.go.id/id/statistics-table/2/MjI2MyMy/inflasi-year-on-year--desember-2025.html,"Inflasi Tahunan (Y-on-Y) 38 Provinsi (2022=100) (Persen), 2026",1.0,126,2026,38 Provinsi (2022=100),3200,PROV JAWA BARAT,2263,Inflasi Tahunan (Y-on-Y) 38 Provinsi (2022=100),Persen,Inflasi,turvar,0,Tidak ada,tahun,126,2026,turtahun,4,April,2.49,3200226301264
12,Inflasi Daerah,usecase_ekonomi.ekonomi_inflasi_provinsi_ranking,https://www.bps.go.id/id/statistics-table/2/MjI2MyMy/inflasi-year-on-year--desember-2025.html,"Inflasi Tahunan (Y-on-Y) 38 Provinsi (2022=100) (Persen), 2026",1.0,126,2026,38 Provinsi (2022=100),3200,PROV JAWA BARAT,2263,Inflasi Tahunan (Y-on-Y) 38 Provinsi (2022=100),Persen,Inflasi,turvar,0,Tidak ada,tahun,126,2026,turtahun,5,Mei,3.07,3200226301265
12,Inflasi Daerah,usecase_ekonomi.ekonomi_inflasi_provinsi_ranking,https://www.bps.go.id/id/statistics-table/2/MjI2MyMy/inflasi-year-on-year--desember-2025.html,"Inflasi Tahunan (Y-on-Y) 38 Provinsi (2022=100) (Persen), 2026",1.0,126,2026,38 Provinsi (2022=100),3300,PROV JAWA TENGAH,2263,Inflasi Tahunan (Y-on-Y) 38 Provinsi (2022=100),Persen,Inflasi,turvar,0,Tidak ada,tahun,126,2026,turtahun,1,Januari,2.83,3300226301261
12,Inflasi Daerah,usecase_ekonomi.ekonomi_inflasi_provinsi_ranking,https://www.bps.go.id/id/statistics-table/2/MjI2MyMy/inflasi-year-on-year--desember-2025.html,"Inflasi Tahunan (Y-on-Y) 38 Provinsi (2022=100) (Persen), 2026",1.0,126,2026,38 Provinsi (2022=100),3300,PROV JAWA TENGAH,2263,Inflasi Tahunan (Y-on-Y) 38 Provinsi (2022=100),Persen,Inflasi,turvar,0,Tidak ada,tahun,126,2026,turtahun,2,Februari,4.43,3300226301262
12,Inflasi Daerah,usecase_ekonomi.ekonomi_inflasi_provinsi_ranking,https://www.bps.go.id/id/statistics-table/2/MjI2MyMy/inflasi-year-on-year--desember-2025.html,"Inflasi Tahunan (Y-on-Y) 38 Provinsi (2022=100) (Persen), 2026",1.0,126,2026,38 Provinsi (2022=100),3300,PROV JAWA TENGAH,2263,Inflasi Tahunan (Y-on-Y) 38 Provinsi (2022=100),Persen,Inflasi,turvar,0,Tidak ada,tahun,126,2026,turtahun,3,Maret,3.54,3300226301263
12,Inflasi Daerah,usecase_ekonomi.ekonomi_inflasi_provinsi_ranking,https://www.bps.go.id/id/statistics-table/2/MjI2MyMy/inflasi-year-on-year--desember-2025.html,"Inflasi Tahunan (Y-on-Y) 38 Provinsi (2022=100) (Persen), 2026",1.0,126,2026,38 Provinsi (2022=100),3300,PROV JAWA TENGAH,2263,Inflasi Tahunan (Y-on-Y) 38 Provinsi (2022=100),Persen,Inflasi,turvar,0,Tidak ada,tahun,126,2026,turtahun,4,April,2.11,3300226301264
12,Inflasi Daerah,usecase_ekonomi.ekonomi_inflasi_provinsi_ranking,https://www.bps.go.id/id/statistics-table/2/MjI2MyMy/inflasi-year-on-year--desember-2025.html,"Inflasi Tahunan (Y-on-Y) 38 Provinsi (2022=100) (Persen), 2026",1.0,126,2026,38 Provinsi (2022=100),3300,PROV JAWA TENGAH,2263,Inflasi Tahunan (Y-on-Y) 38 Provinsi (2022=100),Persen,Inflasi,turvar,0,Tidak ada,tahun,126,2026,turtahun,5,Mei,2.85,3300226301265
12,Inflasi Daerah,usecase_ekonomi.ekonomi_inflasi_provinsi_ranking,https://www.bps.go.id/id/statistics-table/2/MjI2MyMy/inflasi-year-on-year--desember-2025.html,"Inflasi Tahunan (Y-on-Y) 38 Provinsi (2022=100) (Persen), 2026",1.0,126,2026,38 Provinsi (2022=100),3400,PROV DI YOGYAKARTA,2263,Inflasi Tahunan (Y-on-Y) 38 Provinsi (2022=100),Persen,Inflasi,turvar,0,Tidak ada,tahun,126,2026,turtahun,1,Januari,3.3,3400226301261
12,Inflasi Daerah,usecase_ekonomi.ekonomi_inflasi_provinsi_ranking,https://www.bps.go.id/id/statistics-table/2/MjI2MyMy/inflasi-year-on-year--desember-2025.html,"Inflasi Tahunan (Y-on-Y) 38 Provinsi (2022=100) (Persen), 2026",1.0,126,2026,38 Provinsi (2022=100),3400,PROV DI YOGYAKARTA,2263,Inflasi Tahunan (Y-on-Y) 38 Provinsi (2022=100),Persen,Inflasi,turvar,0,Tidak ada,tahun,126,2026,turtahun,2,Februari,4.91,3400226301262
12,Inflasi Daerah,usecase_ekonomi.ekonomi_inflasi_provinsi_ranking,https://www.bps.go.id/id/statistics-table/2/MjI2MyMy/inflasi-year-on-year--desember-2025.html,"Inflasi Tahunan (Y-on-Y) 38 Provinsi (2022=100) (Persen), 2026",1.0,126,2026,38 Provinsi (2022=100),3400,PROV DI YOGYAKARTA,2263,Inflasi Tahunan (Y-on-Y) 38 Provinsi (2022=100),Persen,Inflasi,turvar,0,Tidak ada,tahun,126,2026,turtahun,3,Maret,4.08,3400226301263
12,Inflasi Daerah,usecase_ekonomi.ekonomi_inflasi_provinsi_ranking,https://www.bps.go.id/id/statistics-table/2/MjI2MyMy/inflasi-year-on-year--desember-2025.html,"Inflasi Tahunan (Y-on-Y) 38 Provinsi (2022=100) (Persen), 2026",1.0,126,2026,38 Provinsi (2022=100),3400,PROV DI YOGYAKARTA,2263,Inflasi Tahunan (Y-on-Y) 38 Provinsi (2022=100),Persen,Inflasi,turvar,0,Tidak ada,tahun,126,2026,turtahun,4,April,2.46,3400226301264
12,Inflasi Daerah,usecase_ekonomi.ekonomi_inflasi_provinsi_ranking,https://www.bps.go.id/id/statistics-table/2/MjI2MyMy/inflasi-year-on-year--desember-2025.html,"Inflasi Tahunan (Y-on-Y) 38 Provinsi (2022=100) (Persen), 2026",1.0,126,2026,38 Provinsi (2022=100),3400,PROV DI YOGYAKARTA,2263,Inflasi Tahunan (Y-on-Y) 38 Provinsi (2022=100),Persen,Inflasi,turvar,0,Tidak ada,tahun,126,2026,turtahun,5,Mei,2.77,3400226301265
12,Inflasi Daerah,usecase_ekonomi.ekonomi_inflasi_provinsi_ranking,https://www.bps.go.id/id/statistics-table/2/MjI2MyMy/inflasi-year-on-year--desember-2025.html,"Inflasi Tahunan (Y-on-Y) 38 Provinsi (2022=100) (Persen), 2026",1.0,126,2026,38 Provinsi (2022=100),3500,PROV JAWA TIMUR,2263,Inflasi Tahunan (Y-on-Y) 38 Provinsi (2022=100),Persen,Inflasi,turvar,0,Tidak ada,tahun,126,2026,turtahun,1,Januari,3.29,3500226301261
12,Inflasi Daerah,usecase_ekonomi.ekonomi_inflasi_provinsi_ranking,https://www.bps.go.id/id/statistics-table/2/MjI2MyMy/inflasi-year-on-year--desember-2025.html,"Inflasi Tahunan (Y-on-Y) 38 Provinsi (2022=100) (Persen), 2026",1.0,126,2026,38 Provinsi (2022=100),3500,PROV JAWA TIMUR,2263,Inflasi Tahunan (Y-on-Y) 38 Provinsi (2022=100),Persen,Inflasi,turvar,0,Tidak ada,tahun,126,2026,turtahun,2,Februari,4.88,3500226301262
12,Inflasi Daerah,usecase_ekonomi.ekonomi_inflasi_provinsi_ranking,https://www.bps.go.id/id/statistics-table/2/MjI2MyMy/inflasi-year-on-year--desember-2025.html,"Inflasi Tahunan (Y-on-Y) 38 Provinsi (2022=100) (Persen), 2026",1.0,126,2026,38 Provinsi (2022=100),3500,PROV JAWA TIMUR,2263,Inflasi Tahunan (Y-on-Y) 38 Provinsi (2022=100),Persen,Inflasi,turvar,0,Tidak ada,tahun,126,2026,turtahun,3,Maret,3.79,3500226301263
12,Inflasi Daerah,usecase_ekonomi.ekonomi_inflasi_provinsi_ranking,https://www.bps.go.id/id/statistics-table/2/MjI2MyMy/inflasi-year-on-year--desember-2025.html,"Inflasi Tahunan (Y-on-Y) 38 Provinsi (2022=100) (Persen), 2026",1.0,126,2026,38 Provinsi (2022=100),3500,PROV JAWA TIMUR,2263,Inflasi Tahunan (Y-on-Y) 38 Provinsi (2022=100),Persen,Inflasi,turvar,0,Tidak ada,tahun,126,2026,turtahun,4,April,2.85,3500226301264
12,Inflasi Daerah,usecase_ekonomi.ekonomi_inflasi_provinsi_ranking,https://www.bps.go.id/id/statistics-table/2/MjI2MyMy/inflasi-year-on-year--desember-2025.html,"Inflasi Tahunan (Y-on-Y) 38 Provinsi (2022=100) (Persen), 2026",1.0,126,2026,38 Provinsi (2022=100),3500,PROV JAWA TIMUR,2263,Inflasi Tahunan (Y-on-Y) 38 Provinsi (2022=100),Persen,Inflasi,turvar,0,Tidak ada,tahun,126,2026,turtahun,5,Mei,3.49,3500226301265
12,Inflasi Daerah,usecase_ekonomi.ekonomi_inflasi_provinsi_ranking,https://www.bps.go.id/id/statistics-table/2/MjI2MyMy/inflasi-year-on-year--desember-2025.html,"Inflasi Tahunan (Y-on-Y) 38 Provinsi (2022=100) (Persen), 2026",1.0,126,2026,38 Provinsi (2022=100),3600,PROV BANTEN,2263,Inflasi Tahunan (Y-on-Y) 38 Provinsi (2022=100),Persen,Inflasi,turvar,0,Tidak ada,tahun,126,2026,turtahun,1,Januari,3.48,3600226301261
12,Inflasi Daerah,usecase_ekonomi.ekonomi_inflasi_provinsi_ranking,https://www.bps.go.id/id/statistics-table/2/MjI2MyMy/inflasi-year-on-year--desember-2025.html,"Inflasi Tahunan (Y-on-Y) 38 Provinsi (2022=100) (Persen), 2026",1.0,126,2026,38 Provinsi (2022=100),3600,PROV BANTEN,2263,Inflasi Tahunan (Y-on-Y) 38 Provinsi (2022=100),Persen,Inflasi,turvar,0,Tidak ada,tahun,126,2026,turtahun,2,Februari,5.14,3600226301262
12,Inflasi Daerah,usecase_ekonomi.ekonomi_inflasi_provinsi_ranking,https://www.bps.go.id/id/statistics-table/2/MjI2MyMy/inflasi-year-on-year--desember-2025.html,"Inflasi Tahunan (Y-on-Y) 38 Provinsi (2022=100) (Persen), 2026",1.0,126,2026,38 Provinsi (2022=100),3600,PROV BANTEN,2263,Inflasi Tahunan (Y-on-Y) 38 Provinsi (2022=100),Persen,Inflasi,turvar,0,Tidak ada,tahun,126,2026,turtahun,3,Maret,3.55,3600226301263
12,Inflasi Daerah,usecase_ekonomi.ekonomi_inflasi_provinsi_ranking,https://www.bps.go.id/id/statistics-table/2/MjI2MyMy/inflasi-year-on-year--desember-2025.html,"Inflasi Tahunan (Y-on-Y) 38 Provinsi (2022=100) (Persen), 2026",1.0,126,2026,38 Provinsi (2022=100),3600,PROV BANTEN,2263,Inflasi Tahunan (Y-on-Y) 38 Provinsi (2022=100),Persen,Inflasi,turvar,0,Tidak ada,tahun,126,2026,turtahun,4,April,2.14,3600226301264
12,Inflasi Daerah,usecase_ekonomi.ekonomi_inflasi_provinsi_ranking,https://www.bps.go.id/id/statistics-table/2/MjI2MyMy/inflasi-year-on-year--desember-2025.html,"Inflasi Tahunan (Y-on-Y) 38 Provinsi (2022=100) (Persen), 2026",1.0,126,2026,38 Provinsi (2022=100),3600,PROV BANTEN,2263,Inflasi Tahunan (Y-on-Y) 38 Provinsi (2022=100),Persen,Inflasi,turvar,0,Tidak ada,tahun,126,2026,turtahun,5,Mei,2.7,3600226301265
12,Inflasi Daerah,usecase_ekonomi.ekonomi_inflasi_provinsi_ranking,https://www.bps.go.id/id/statistics-table/2/MjI2MyMy/inflasi-year-on-year--desember-2025.html,"Inflasi Tahunan (Y-on-Y) 38 Provinsi (2022=100) (Persen), 2026",1.0,126,2026,38 Provinsi (2022=100),5100,PROV BALI,2263,Inflasi Tahunan (Y-on-Y) 38 Provinsi (2022=100),Persen,Inflasi,turvar,0,Tidak ada,tahun,126,2026,turtahun,1,Januari,2.58,5100226301261
12,Inflasi Daerah,usecase_ekonomi.ekonomi_inflasi_provinsi_ranking,https://www.bps.go.id/id/statistics-table/2/MjI2MyMy/inflasi-year-on-year--desember-2025.html,"Inflasi Tahunan (Y-on-Y) 38 Provinsi (2022=100) (Persen), 2026",1.0,126,2026,38 Provinsi (2022=100),5100,PROV BALI,2263,Inflasi Tahunan (Y-on-Y) 38 Provinsi (2022=100),Persen,Inflasi,turvar,0,Tidak ada,tahun,126,2026,turtahun,2,Februari,3.89,5100226301262
12,Inflasi Daerah,usecase_ekonomi.ekonomi_inflasi_provinsi_ranking,https://www.bps.go.id/id/statistics-table/2/MjI2MyMy/inflasi-year-on-year--desember-2025.html,"Inflasi Tahunan (Y-on-Y) 38 Provinsi (2022=100) (Persen), 2026",1.0,126,2026,38 Provinsi (2022=100),5100,PROV BALI,2263,Inflasi Tahunan (Y-on-Y) 38 Provinsi (2022=100),Persen,Inflasi,turvar,0,Tidak ada,tahun,126,2026,turtahun,3,Maret,2.81,5100226301263
12,Inflasi Daerah,usecase_ekonomi.ekonomi_inflasi_provinsi_ranking,https://www.bps.go.id/id/statistics-table/2/MjI2MyMy/inflasi-year-on-year--desember-2025.html,"Inflasi Tahunan (Y-on-Y) 38 Provinsi (2022=100) (Persen), 2026",1.0,126,2026,38 Provinsi (2022=100),5100,PROV BALI,2263,Inflasi Tahunan (Y-on-Y) 38 Provinsi (2022=100),Persen,Inflasi,turvar,0,Tidak ada,tahun,126,2026,turtahun,4,April,2.08,5100226301264
12,Inflasi Daerah,usecase_ekonomi.ekonomi_inflasi_provinsi_ranking,https://www.bps.go.id/id/statistics-table/2/MjI2MyMy/inflasi-year-on-year--desember-2025.html,"Inflasi Tahunan (Y-on-Y) 38 Provinsi (2022=100) (Persen), 2026",1.0,126,2026,38 Provinsi (2022=100),5100,PROV BALI,2263,Inflasi Tahunan (Y-on-Y) 38 Provinsi (2022=100),Persen,Inflasi,turvar,0,Tidak ada,tahun,126,2026,turtahun,5,Mei,2.99,5100226301265
12,Inflasi Daerah,usecase_ekonomi.ekonomi_inflasi_provinsi_ranking,https://www.bps.go.id/id/statistics-table/2/MjI2MyMy/inflasi-year-on-year--desember-2025.html,"Inflasi Tahunan (Y-on-Y) 38 Provinsi (2022=100) (Persen), 2026",1.0,126,2026,38 Provinsi (2022=100),5200,PROV NUSA TENGGARA BARAT,2263,Inflasi Tahunan (Y-on-Y) 38 Provinsi (2022=100),Persen,Inflasi,turvar,0,Tidak ada,tahun,126,2026,turtahun,1,Januari,3.86,5200226301261
12,Inflasi Daerah,usecase_ekonomi.ekonomi_inflasi_provinsi_ranking,https://www.bps.go.id/id/statistics-table/2/MjI2MyMy/inflasi-year-on-year--desember-2025.html,"Inflasi Tahunan (Y-on-Y) 38 Provinsi (2022=100) (Persen), 2026",1.0,126,2026,38 Provinsi (2022=100),5200,PROV NUSA TENGGARA BARAT,2263,Inflasi Tahunan (Y-on-Y) 38 Provinsi (2022=100),Persen,Inflasi,turvar,0,Tidak ada,tahun,126,2026,turtahun,2,Februari,5.37,5200226301262
12,Inflasi Daerah,usecase_ekonomi.ekonomi_inflasi_provinsi_ranking,https://www.bps.go.id/id/statistics-table/2/MjI2MyMy/inflasi-year-on-year--desember-2025.html,"Inflasi Tahunan (Y-on-Y) 38 Provinsi (2022=100) (Persen), 2026",1.0,126,2026,38 Provinsi (2022=100),5200,PROV NUSA TENGGARA BARAT,2263,Inflasi Tahunan (Y-on-Y) 38 Provinsi (2022=100),Persen,Inflasi,turvar,0,Tidak ada,tahun,126,2026,turtahun,3,Maret,4.09,5200226301263
12,Inflasi Daerah,usecase_ekonomi.ekonomi_inflasi_provinsi_ranking,https://www.bps.go.id/id/statistics-table/2/MjI2MyMy/inflasi-year-on-year--desember-2025.html,"Inflasi Tahunan (Y-on-Y) 38 Provinsi (2022=100) (Persen), 2026",1.0,126,2026,38 Provinsi (2022=100),5200,PROV NUSA TENGGARA BARAT,2263,Inflasi Tahunan (Y-on-Y) 38 Provinsi (2022=100),Persen,Inflasi,turvar,0,Tidak ada,tahun,126,2026,turtahun,4,April,3.27,5200226301264
12,Inflasi Daerah,usecase_ekonomi.ekonomi_inflasi_provinsi_ranking,https://www.bps.go.id/id/statistics-table/2/MjI2MyMy/inflasi-year-on-year--desember-2025.html,"Inflasi Tahunan (Y-on-Y) 38 Provinsi (2022=100) (Persen), 2026",1.0,126,2026,38 Provinsi (2022=100),5200,PROV NUSA TENGGARA BARAT,2263,Inflasi Tahunan (Y-on-Y) 38 Provinsi (2022=100),Persen,Inflasi,turvar,0,Tidak ada,tahun,126,2026,turtahun,5,Mei,3.78,5200226301265
12,Inflasi Daerah,usecase_ekonomi.ekonomi_inflasi_provinsi_ranking,https://www.bps.go.id/id/statistics-table/2/MjI2MyMy/inflasi-year-on-year--desember-2025.html,"Inflasi Tahunan (Y-on-Y) 38 Provinsi (2022=100) (Persen), 2026",1.0,126,2026,38 Provinsi (2022=100),5300,PROV NUSA TENGGARA TIMUR,2263,Inflasi Tahunan (Y-on-Y) 38 Provinsi (2022=100),Persen,Inflasi,turvar,0,Tidak ada,tahun,126,2026,turtahun,1,Januari,3.34,5300226301261
12,Inflasi Daerah,usecase_ekonomi.ekonomi_inflasi_provinsi_ranking,https://www.bps.go.id/id/statistics-table/2/MjI2MyMy/inflasi-year-on-year--desember-2025.html,"Inflasi Tahunan (Y-on-Y) 38 Provinsi (2022=100) (Persen), 2026",1.0,126,2026,38 Provinsi (2022=100),5300,PROV NUSA TENGGARA TIMUR,2263,Inflasi Tahunan (Y-on-Y) 38 Provinsi (2022=100),Persen,Inflasi,turvar,0,Tidak ada,tahun,126,2026,turtahun,2,Februari,3.42,5300226301262
12,Inflasi Daerah,usecase_ekonomi.ekonomi_inflasi_provinsi_ranking,https://www.bps.go.id/id/statistics-table/2/MjI2MyMy/inflasi-year-on-year--desember-2025.html,"Inflasi Tahunan (Y-on-Y) 38 Provinsi (2022=100) (Persen), 2026",1.0,126,2026,38 Provinsi (2022=100),5300,PROV NUSA TENGGARA TIMUR,2263,Inflasi Tahunan (Y-on-Y) 38 Provinsi (2022=100),Persen,Inflasi,turvar,0,Tidak ada,tahun,126,2026,turtahun,3,Maret,2.4,5300226301263
12,Inflasi Daerah,usecase_ekonomi.ekonomi_inflasi_provinsi_ranking,https://www.bps.go.id/id/statistics-table/2/MjI2MyMy/inflasi-year-on-year--desember-2025.html,"Inflasi Tahunan (Y-on-Y) 38 Provinsi (2022=100) (Persen), 2026",1.0,126,2026,38 Provinsi (2022=100),5300,PROV NUSA TENGGARA TIMUR,2263,Inflasi Tahunan (Y-on-Y) 38 Provinsi (2022=100),Persen,Inflasi,turvar,0,Tidak ada,tahun,126,2026,turtahun,4,April,2.62,5300226301264
12,Inflasi Daerah,usecase_ekonomi.ekonomi_inflasi_provinsi_ranking,https://www.bps.go.id/id/statistics-table/2/MjI2MyMy/inflasi-year-on-year--desember-2025.html,"Inflasi Tahunan (Y-on-Y) 38 Provinsi (2022=100) (Persen), 2026",1.0,126,2026,38 Provinsi (2022=100),5300,PROV NUSA TENGGARA TIMUR,2263,Inflasi Tahunan (Y-on-Y) 38 Provinsi (2022=100),Persen,Inflasi,turvar,0,Tidak ada,tahun,126,2026,turtahun,5,Mei,2.76,5300226301265
12,Inflasi Daerah,usecase_ekonomi.ekonomi_inflasi_provinsi_ranking,https://www.bps.go.id/id/statistics-table/2/MjI2MyMy/inflasi-year-on-year--desember-2025.html,"Inflasi Tahunan (Y-on-Y) 38 Provinsi (2022=100) (Persen), 2026",1.0,126,2026,38 Provinsi (2022=100),6100,PROV KALIMANTAN BARAT,2263,Inflasi Tahunan (Y-on-Y) 38 Provinsi (2022=100),Persen,Inflasi,turvar,0,Tidak ada,tahun,126,2026,turtahun,1,Januari,3.33,6100226301261
12,Inflasi Daerah,usecase_ekonomi.ekonomi_inflasi_provinsi_ranking,https://www.bps.go.id/id/statistics-table/2/MjI2MyMy/inflasi-year-on-year--desember-2025.html,"Inflasi Tahunan (Y-on-Y) 38 Provinsi (2022=100) (Persen), 2026",1.0,126,2026,38 Provinsi (2022=100),6100,PROV KALIMANTAN BARAT,2263,Inflasi Tahunan (Y-on-Y) 38 Provinsi (2022=100),Persen,Inflasi,turvar,0,Tidak ada,tahun,126,2026,turtahun,2,Februari,3.9,6100226301262
12,Inflasi Daerah,usecase_ekonomi.ekonomi_inflasi_provinsi_ranking,https://www.bps.go.id/id/statistics-table/2/MjI2MyMy/inflasi-year-on-year--desember-2025.html,"Inflasi Tahunan (Y-on-Y) 38 Provinsi (2022=100) (Persen), 2026",1.0,126,2026,38 Provinsi (2022=100),6100,PROV KALIMANTAN BARAT,2263,Inflasi Tahunan (Y-on-Y) 38 Provinsi (2022=100),Persen,Inflasi,turvar,0,Tidak ada,tahun,126,2026,turtahun,3,Maret,2.89,6100226301263
12,Inflasi Daerah,usecase_ekonomi.ekonomi_inflasi_provinsi_ranking,https://www.bps.go.id/id/statistics-table/2/MjI2MyMy/inflasi-year-on-year--desember-2025.html,"Inflasi Tahunan (Y-on-Y) 38 Provinsi (2022=100) (Persen), 2026",1.0,126,2026,38 Provinsi (2022=100),6100,PROV KALIMANTAN BARAT,2263,Inflasi Tahunan (Y-on-Y) 38 Provinsi (2022=100),Persen,Inflasi,turvar,0,Tidak ada,tahun,126,2026,turtahun,4,April,2.5,6100226301264
12,Inflasi Daerah,usecase_ekonomi.ekonomi_inflasi_provinsi_ranking,https://www.bps.go.id/id/statistics-table/2/MjI2MyMy/inflasi-year-on-year--desember-2025.html,"Inflasi Tahunan (Y-on-Y) 38 Provinsi (2022=100) (Persen), 2026",1.0,126,2026,38 Provinsi (2022=100),6100,PROV KALIMANTAN BARAT,2263,Inflasi Tahunan (Y-on-Y) 38 Provinsi (2022=100),Persen,Inflasi,turvar,0,Tidak ada,tahun,126,2026,turtahun,5,Mei,3.29,6100226301265
12,Inflasi Daerah,usecase_ekonomi.ekonomi_inflasi_provinsi_ranking,https://www.bps.go.id/id/statistics-table/2/MjI2MyMy/inflasi-year-on-year--desember-2025.html,"Inflasi Tahunan (Y-on-Y) 38 Provinsi (2022=100) (Persen), 2026",1.0,126,2026,38 Provinsi (2022=100),6200,PROV KALIMANTAN TENGAH,2263,Inflasi Tahunan (Y-on-Y) 38 Provinsi (2022=100),Persen,Inflasi,turvar,0,Tidak ada,tahun,126,2026,turtahun,1,Januari,4.09,6200226301261
12,Inflasi Daerah,usecase_ekonomi.ekonomi_inflasi_provinsi_ranking,https://www.bps.go.id/id/statistics-table/2/MjI2MyMy/inflasi-year-on-year--desember-2025.html,"Inflasi Tahunan (Y-on-Y) 38 Provinsi (2022=100) (Persen), 2026",1.0,126,2026,38 Provinsi (2022=100),6200,PROV KALIMANTAN TENGAH,2263,Inflasi Tahunan (Y-on-Y) 38 Provinsi (2022=100),Persen,Inflasi,turvar,0,Tidak ada,tahun,126,2026,turtahun,2,Februari,5.06,6200226301262
12,Inflasi Daerah,usecase_ekonomi.ekonomi_inflasi_provinsi_ranking,https://www.bps.go.id/id/statistics-table/2/MjI2MyMy/inflasi-year-on-year--desember-2025.html,"Inflasi Tahunan (Y-on-Y) 38 Provinsi (2022=100) (Persen), 2026",1.0,126,2026,38 Provinsi (2022=100),6200,PROV KALIMANTAN TENGAH,2263,Inflasi Tahunan (Y-on-Y) 38 Provinsi (2022=100),Persen,Inflasi,turvar,0,Tidak ada,tahun,126,2026,turtahun,3,Maret,3.86,6200226301263
12,Inflasi Daerah,usecase_ekonomi.ekonomi_inflasi_provinsi_ranking,https://www.bps.go.id/id/statistics-table/2/MjI2MyMy/inflasi-year-on-year--desember-2025.html,"Inflasi Tahunan (Y-on-Y) 38 Provinsi (2022=100) (Persen), 2026",1.0,126,2026,38 Provinsi (2022=100),6200,PROV KALIMANTAN TENGAH,2263,Inflasi Tahunan (Y-on-Y) 38 Provinsi (2022=100),Persen,Inflasi,turvar,0,Tidak ada,tahun,126,2026,turtahun,4,April,3.66,6200226301264
12,Inflasi Daerah,usecase_ekonomi.ekonomi_inflasi_provinsi_ranking,https://www.bps.go.id/id/statistics-table/2/MjI2MyMy/inflasi-year-on-year--desember-2025.html,"Inflasi Tahunan (Y-on-Y) 38 Provinsi (2022=100) (Persen), 2026",1.0,126,2026,38 Provinsi (2022=100),6200,PROV KALIMANTAN TENGAH,2263,Inflasi Tahunan (Y-on-Y) 38 Provinsi (2022=100),Persen,Inflasi,turvar,0,Tidak ada,tahun,126,2026,turtahun,5,Mei,4.56,6200226301265
12,Inflasi Daerah,usecase_ekonomi.ekonomi_inflasi_provinsi_ranking,https://www.bps.go.id/id/statistics-table/2/MjI2MyMy/inflasi-year-on-year--desember-2025.html,"Inflasi Tahunan (Y-on-Y) 38 Provinsi (2022=100) (Persen), 2026",1.0,126,2026,38 Provinsi (2022=100),6300,PROV KALIMANTAN SELATAN,2263,Inflasi Tahunan (Y-on-Y) 38 Provinsi (2022=100),Persen,Inflasi,turvar,0,Tidak ada,tahun,126,2026,turtahun,1,Januari,4.66,6300226301261
12,Inflasi Daerah,usecase_ekonomi.ekonomi_inflasi_provinsi_ranking,https://www.bps.go.id/id/statistics-table/2/MjI2MyMy/inflasi-year-on-year--desember-2025.html,"Inflasi Tahunan (Y-on-Y) 38 Provinsi (2022=100) (Persen), 2026",1.0,126,2026,38 Provinsi (2022=100),6300,PROV KALIMANTAN SELATAN,2263,Inflasi Tahunan (Y-on-Y) 38 Provinsi (2022=100),Persen,Inflasi,turvar,0,Tidak ada,tahun,126,2026,turtahun,2,Februari,5.97,6300226301262
12,Inflasi Daerah,usecase_ekonomi.ekonomi_inflasi_provinsi_ranking,https://www.bps.go.id/id/statistics-table/2/MjI2MyMy/inflasi-year-on-year--desember-2025.html,"Inflasi Tahunan (Y-on-Y) 38 Provinsi (2022=100) (Persen), 2026",1.0,126,2026,38 Provinsi (2022=100),6300,PROV KALIMANTAN SELATAN,2263,Inflasi Tahunan (Y-on-Y) 38 Provinsi (2022=100),Persen,Inflasi,turvar,0,Tidak ada,tahun,126,2026,turtahun,3,Maret,4.83,6300226301263
12,Inflasi Daerah,usecase_ekonomi.ekonomi_inflasi_provinsi_ranking,https://www.bps.go.id/id/statistics-table/2/MjI2MyMy/inflasi-year-on-year--desember-2025.html,"Inflasi Tahunan (Y-on-Y) 38 Provinsi (2022=100) (Persen), 2026",1.0,126,2026,38 Provinsi (2022=100),6300,PROV KALIMANTAN SELATAN,2263,Inflasi Tahunan (Y-on-Y) 38 Provinsi (2022=100),Persen,Inflasi,turvar,0,Tidak ada,tahun,126,2026,turtahun,4,April,3.67,6300226301264
12,Inflasi Daerah,usecase_ekonomi.ekonomi_inflasi_provinsi_ranking,https://www.bps.go.id/id/statistics-table/2/MjI2MyMy/inflasi-year-on-year--desember-2025.html,"Inflasi Tahunan (Y-on-Y) 38 Provinsi (2022=100) (Persen), 2026",1.0,126,2026,38 Provinsi (2022=100),6300,PROV KALIMANTAN SELATAN,2263,Inflasi Tahunan (Y-on-Y) 38 Provinsi (2022=100),Persen,Inflasi,turvar,0,Tidak ada,tahun,126,2026,turtahun,5,Mei,4.22,6300226301265
12,Inflasi Daerah,usecase_ekonomi.ekonomi_inflasi_provinsi_ranking,https://www.bps.go.id/id/statistics-table/2/MjI2MyMy/inflasi-year-on-year--desember-2025.html,"Inflasi Tahunan (Y-on-Y) 38 Provinsi (2022=100) (Persen), 2026",1.0,126,2026,38 Provinsi (2022=100),6400,PROV KALIMANTAN TIMUR,2263,Inflasi Tahunan (Y-on-Y) 38 Provinsi (2022=100),Persen,Inflasi,turvar,0,Tidak ada,tahun,126,2026,turtahun,1,Januari,3.76,6400226301261
12,Inflasi Daerah,usecase_ekonomi.ekonomi_inflasi_provinsi_ranking,https://www.bps.go.id/id/statistics-table/2/MjI2MyMy/inflasi-year-on-year--desember-2025.html,"Inflasi Tahunan (Y-on-Y) 38 Provinsi (2022=100) (Persen), 2026",1.0,126,2026,38 Provinsi (2022=100),6400,PROV KALIMANTAN TIMUR,2263,Inflasi Tahunan (Y-on-Y) 38 Provinsi (2022=100),Persen,Inflasi,turvar,0,Tidak ada,tahun,126,2026,turtahun,2,Februari,4.64,6400226301262
12,Inflasi Daerah,usecase_ekonomi.ekonomi_inflasi_provinsi_ranking,https://www.bps.go.id/id/statistics-table/2/MjI2MyMy/inflasi-year-on-year--desember-2025.html,"Inflasi Tahunan (Y-on-Y) 38 Provinsi (2022=100) (Persen), 2026",1.0,126,2026,38 Provinsi (2022=100),6400,PROV KALIMANTAN TIMUR,2263,Inflasi Tahunan (Y-on-Y) 38 Provinsi (2022=100),Persen,Inflasi,turvar,0,Tidak ada,tahun,126,2026,turtahun,3,Maret,3.31,6400226301263
12,Inflasi Daerah,usecase_ekonomi.ekonomi_inflasi_provinsi_ranking,https://www.bps.go.id/id/statistics-table/2/MjI2MyMy/inflasi-year-on-year--desember-2025.html,"Inflasi Tahunan (Y-on-Y) 38 Provinsi (2022=100) (Persen), 2026",1.0,126,2026,38 Provinsi (2022=100),6400,PROV KALIMANTAN TIMUR,2263,Inflasi Tahunan (Y-on-Y) 38 Provinsi (2022=100),Persen,Inflasi,turvar,0,Tidak ada,tahun,126,2026,turtahun,4,April,2.5,6400226301264
12,Inflasi Daerah,usecase_ekonomi.ekonomi_inflasi_provinsi_ranking,https://www.bps.go.id/id/statistics-table/2/MjI2MyMy/inflasi-year-on-year--desember-2025.html,"Inflasi Tahunan (Y-on-Y) 38 Provinsi (2022=100) (Persen), 2026",1.0,126,2026,38 Provinsi (2022=100),6400,PROV KALIMANTAN TIMUR,2263,Inflasi Tahunan (Y-on-Y) 38 Provinsi (2022=100),Persen,Inflasi,turvar,0,Tidak ada,tahun,126,2026,turtahun,5,Mei,3.04,6400226301265
12,Inflasi Daerah,usecase_ekonomi.ekonomi_inflasi_provinsi_ranking,https://www.bps.go.id/id/statistics-table/2/MjI2MyMy/inflasi-year-on-year--desember-2025.html,"Inflasi Tahunan (Y-on-Y) 38 Provinsi (2022=100) (Persen), 2026",1.0,126,2026,38 Provinsi (2022=100),6500,PROV KALIMANTAN UTARA,2263,Inflasi Tahunan (Y-on-Y) 38 Provinsi (2022=100),Persen,Inflasi,turvar,0,Tidak ada,tahun,126,2026,turtahun,1,Januari,4.08,6500226301261
12,Inflasi Daerah,usecase_ekonomi.ekonomi_inflasi_provinsi_ranking,https://www.bps.go.id/id/statistics-table/2/MjI2MyMy/inflasi-year-on-year--desember-2025.html,"Inflasi Tahunan (Y-on-Y) 38 Provinsi (2022=100) (Persen), 2026",1.0,126,2026,38 Provinsi (2022=100),6500,PROV KALIMANTAN UTARA,2263,Inflasi Tahunan (Y-on-Y) 38 Provinsi (2022=100),Persen,Inflasi,turvar,0,Tidak ada,tahun,126,2026,turtahun,2,Februari,4.75,6500226301262
12,Inflasi Daerah,usecase_ekonomi.ekonomi_inflasi_provinsi_ranking,https://www.bps.go.id/id/statistics-table/2/MjI2MyMy/inflasi-year-on-year--desember-2025.html,"Inflasi Tahunan (Y-on-Y) 38 Provinsi (2022=100) (Persen), 2026",1.0,126,2026,38 Provinsi (2022=100),6500,PROV KALIMANTAN UTARA,2263,Inflasi Tahunan (Y-on-Y) 38 Provinsi (2022=100),Persen,Inflasi,turvar,0,Tidak ada,tahun,126,2026,turtahun,3,Maret,3.12,6500226301263
12,Inflasi Daerah,usecase_ekonomi.ekonomi_inflasi_provinsi_ranking,https://www.bps.go.id/id/statistics-table/2/MjI2MyMy/inflasi-year-on-year--desember-2025.html,"Inflasi Tahunan (Y-on-Y) 38 Provinsi (2022=100) (Persen), 2026",1.0,126,2026,38 Provinsi (2022=100),6500,PROV KALIMANTAN UTARA,2263,Inflasi Tahunan (Y-on-Y) 38 Provinsi (2022=100),Persen,Inflasi,turvar,0,Tidak ada,tahun,126,2026,turtahun,4,April,2.68,6500226301264
12,Inflasi Daerah,usecase_ekonomi.ekonomi_inflasi_provinsi_ranking,https://www.bps.go.id/id/statistics-table/2/MjI2MyMy/inflasi-year-on-year--desember-2025.html,"Inflasi Tahunan (Y-on-Y) 38 Provinsi (2022=100) (Persen), 2026",1.0,126,2026,38 Provinsi (2022=100),6500,PROV KALIMANTAN UTARA,2263,Inflasi Tahunan (Y-on-Y) 38 Provinsi (2022=100),Persen,Inflasi,turvar,0,Tidak ada,tahun,126,2026,turtahun,5,Mei,2.9,6500226301265
12,Inflasi Daerah,usecase_ekonomi.ekonomi_inflasi_provinsi_ranking,https://www.bps.go.id/id/statistics-table/2/MjI2MyMy/inflasi-year-on-year--desember-2025.html,"Inflasi Tahunan (Y-on-Y) 38 Provinsi (2022=100) (Persen), 2026",1.0,126,2026,38 Provinsi (2022=100),7100,PROV SULAWESI UTARA,2263,Inflasi Tahunan (Y-on-Y) 38 Provinsi (2022=100),Persen,Inflasi,turvar,0,Tidak ada,tahun,126,2026,turtahun,1,Januari,3.04,7100226301261
12,Inflasi Daerah,usecase_ekonomi.ekonomi_inflasi_provinsi_ranking,https://www.bps.go.id/id/statistics-table/2/MjI2MyMy/inflasi-year-on-year--desember-2025.html,"Inflasi Tahunan (Y-on-Y) 38 Provinsi (2022=100) (Persen), 2026",1.0,126,2026,38 Provinsi (2022=100),7100,PROV SULAWESI UTARA,2263,Inflasi Tahunan (Y-on-Y) 38 Provinsi (2022=100),Persen,Inflasi,turvar,0,Tidak ada,tahun,126,2026,turtahun,2,Februari,4.64,7100226301262
12,Inflasi Daerah,usecase_ekonomi.ekonomi_inflasi_provinsi_ranking,https://www.bps.go.id/id/statistics-table/2/MjI2MyMy/inflasi-year-on-year--desember-2025.html,"Inflasi Tahunan (Y-on-Y) 38 Provinsi (2022=100) (Persen), 2026",1.0,126,2026,38 Provinsi (2022=100),7100,PROV SULAWESI UTARA,2263,Inflasi Tahunan (Y-on-Y) 38 Provinsi (2022=100),Persen,Inflasi,turvar,0,Tidak ada,tahun,126,2026,turtahun,3,Maret,2.2,7100226301263
12,Inflasi Daerah,usecase_ekonomi.ekonomi_inflasi_provinsi_ranking,https://www.bps.go.id/id/statistics-table/2/MjI2MyMy/inflasi-year-on-year--desember-2025.html,"Inflasi Tahunan (Y-on-Y) 38 Provinsi (2022=100) (Persen), 2026",1.0,126,2026,38 Provinsi (2022=100),7100,PROV SULAWESI UTARA,2263,Inflasi Tahunan (Y-on-Y) 38 Provinsi (2022=100),Persen,Inflasi,turvar,0,Tidak ada,tahun,126,2026,turtahun,4,April,2.14,7100226301264
12,Inflasi Daerah,usecase_ekonomi.ekonomi_inflasi_provinsi_ranking,https://www.bps.go.id/id/statistics-table/2/MjI2MyMy/inflasi-year-on-year--desember-2025.html,"Inflasi Tahunan (Y-on-Y) 38 Provinsi (2022=100) (Persen), 2026",1.0,126,2026,38 Provinsi (2022=100),7100,PROV SULAWESI UTARA,2263,Inflasi Tahunan (Y-on-Y) 38 Provinsi (2022=100),Persen,Inflasi,turvar,0,Tidak ada,tahun,126,2026,turtahun,5,Mei,2.33,7100226301265
12,Inflasi Daerah,usecase_ekonomi.ekonomi_inflasi_provinsi_ranking,https://www.bps.go.id/id/statistics-table/2/MjI2MyMy/inflasi-year-on-year--desember-2025.html,"Inflasi Tahunan (Y-on-Y) 38 Provinsi (2022=100) (Persen), 2026",1.0,126,2026,38 Provinsi (2022=100),7200,PROV SULAWESI TENGAH,2263,Inflasi Tahunan (Y-on-Y) 38 Provinsi (2022=100),Persen,Inflasi,turvar,0,Tidak ada,tahun,126,2026,turtahun,1,Januari,4.55,7200226301261
12,Inflasi Daerah,usecase_ekonomi.ekonomi_inflasi_provinsi_ranking,https://www.bps.go.id/id/statistics-table/2/MjI2MyMy/inflasi-year-on-year--desember-2025.html,"Inflasi Tahunan (Y-on-Y) 38 Provinsi (2022=100) (Persen), 2026",1.0,126,2026,38 Provinsi (2022=100),7200,PROV SULAWESI TENGAH,2263,Inflasi Tahunan (Y-on-Y) 38 Provinsi (2022=100),Persen,Inflasi,turvar,0,Tidak ada,tahun,126,2026,turtahun,2,Februari,5.33,7200226301262
12,Inflasi Daerah,usecase_ekonomi.ekonomi_inflasi_provinsi_ranking,https://www.bps.go.id/id/statistics-table/2/MjI2MyMy/inflasi-year-on-year--desember-2025.html,"Inflasi Tahunan (Y-on-Y) 38 Provinsi (2022=100) (Persen), 2026",1.0,126,2026,38 Provinsi (2022=100),7200,PROV SULAWESI TENGAH,2263,Inflasi Tahunan (Y-on-Y) 38 Provinsi (2022=100),Persen,Inflasi,turvar,0,Tidak ada,tahun,126,2026,turtahun,3,Maret,2.83,7200226301263
12,Inflasi Daerah,usecase_ekonomi.ekonomi_inflasi_provinsi_ranking,https://www.bps.go.id/id/statistics-table/2/MjI2MyMy/inflasi-year-on-year--desember-2025.html,"Inflasi Tahunan (Y-on-Y) 38 Provinsi (2022=100) (Persen), 2026",1.0,126,2026,38 Provinsi (2022=100),7200,PROV SULAWESI TENGAH,2263,Inflasi Tahunan (Y-on-Y) 38 Provinsi (2022=100),Persen,Inflasi,turvar,0,Tidak ada,tahun,126,2026,turtahun,4,April,2.21,7200226301264
12,Inflasi Daerah,usecase_ekonomi.ekonomi_inflasi_provinsi_ranking,https://www.bps.go.id/id/statistics-table/2/MjI2MyMy/inflasi-year-on-year--desember-2025.html,"Inflasi Tahunan (Y-on-Y) 38 Provinsi (2022=100) (Persen), 2026",1.0,126,2026,38 Provinsi (2022=100),7200,PROV SULAWESI TENGAH,2263,Inflasi Tahunan (Y-on-Y) 38 Provinsi (2022=100),Persen,Inflasi,turvar,0,Tidak ada,tahun,126,2026,turtahun,5,Mei,2.77,7200226301265
12,Inflasi Daerah,usecase_ekonomi.ekonomi_inflasi_provinsi_ranking,https://www.bps.go.id/id/statistics-table/2/MjI2MyMy/inflasi-year-on-year--desember-2025.html,"Inflasi Tahunan (Y-on-Y) 38 Provinsi (2022=100) (Persen), 2026",1.0,126,2026,38 Provinsi (2022=100),7300,PROV SULAWESI SELATAN,2263,Inflasi Tahunan (Y-on-Y) 38 Provinsi (2022=100),Persen,Inflasi,turvar,0,Tidak ada,tahun,126,2026,turtahun,1,Januari,4.11,7300226301261
12,Inflasi Daerah,usecase_ekonomi.ekonomi_inflasi_provinsi_ranking,https://www.bps.go.id/id/statistics-table/2/MjI2MyMy/inflasi-year-on-year--desember-2025.html,"Inflasi Tahunan (Y-on-Y) 38 Provinsi (2022=100) (Persen), 2026",1.0,126,2026,38 Provinsi (2022=100),7300,PROV SULAWESI SELATAN,2263,Inflasi Tahunan (Y-on-Y) 38 Provinsi (2022=100),Persen,Inflasi,turvar,0,Tidak ada,tahun,126,2026,turtahun,2,Februari,6.13,7300226301262
12,Inflasi Daerah,usecase_ekonomi.ekonomi_inflasi_provinsi_ranking,https://www.bps.go.id/id/statistics-table/2/MjI2MyMy/inflasi-year-on-year--desember-2025.html,"Inflasi Tahunan (Y-on-Y) 38 Provinsi (2022=100) (Persen), 2026",1.0,126,2026,38 Provinsi (2022=100),7300,PROV SULAWESI SELATAN,2263,Inflasi Tahunan (Y-on-Y) 38 Provinsi (2022=100),Persen,Inflasi,turvar,0,Tidak ada,tahun,126,2026,turtahun,3,Maret,4.5,7300226301263
12,Inflasi Daerah,usecase_ekonomi.ekonomi_inflasi_provinsi_ranking,https://www.bps.go.id/id/statistics-table/2/MjI2MyMy/inflasi-year-on-year--desember-2025.html,"Inflasi Tahunan (Y-on-Y) 38 Provinsi (2022=100) (Persen), 2026",1.0,126,2026,38 Provinsi (2022=100),7300,PROV SULAWESI SELATAN,2263,Inflasi Tahunan (Y-on-Y) 38 Provinsi (2022=100),Persen,Inflasi,turvar,0,Tidak ada,tahun,126,2026,turtahun,4,April,2.68,7300226301264
12,Inflasi Daerah,usecase_ekonomi.ekonomi_inflasi_provinsi_ranking,https://www.bps.go.id/id/statistics-table/2/MjI2MyMy/inflasi-year-on-year--desember-2025.html,"Inflasi Tahunan (Y-on-Y) 38 Provinsi (2022=100) (Persen), 2026",1.0,126,2026,38 Provinsi (2022=100),7300,PROV SULAWESI SELATAN,2263,Inflasi Tahunan (Y-on-Y) 38 Provinsi (2022=100),Persen,Inflasi,turvar,0,Tidak ada,tahun,126,2026,turtahun,5,Mei,3.12,7300226301265
12,Inflasi Daerah,usecase_ekonomi.ekonomi_inflasi_provinsi_ranking,https://www.bps.go.id/id/statistics-table/2/MjI2MyMy/inflasi-year-on-year--desember-2025.html,"Inflasi Tahunan (Y-on-Y) 38 Provinsi (2022=100) (Persen), 2026",1.0,126,2026,38 Provinsi (2022=100),7400,PROV SULAWESI TENGGARA,2263,Inflasi Tahunan (Y-on-Y) 38 Provinsi (2022=100),Persen,Inflasi,turvar,0,Tidak ada,tahun,126,2026,turtahun,1,Januari,5.1,7400226301261
12,Inflasi Daerah,usecase_ekonomi.ekonomi_inflasi_provinsi_ranking,https://www.bps.go.id/id/statistics-table/2/MjI2MyMy/inflasi-year-on-year--desember-2025.html,"Inflasi Tahunan (Y-on-Y) 38 Provinsi (2022=100) (Persen), 2026",1.0,126,2026,38 Provinsi (2022=100),7400,PROV SULAWESI TENGGARA,2263,Inflasi Tahunan (Y-on-Y) 38 Provinsi (2022=100),Persen,Inflasi,turvar,0,Tidak ada,tahun,126,2026,turtahun,2,Februari,5.41,7400226301262
12,Inflasi Daerah,usecase_ekonomi.ekonomi_inflasi_provinsi_ranking,https://www.bps.go.id/id/statistics-table/2/MjI2MyMy/inflasi-year-on-year--desember-2025.html,"Inflasi Tahunan (Y-on-Y) 38 Provinsi (2022=100) (Persen), 2026",1.0,126,2026,38 Provinsi (2022=100),7400,PROV SULAWESI TENGGARA,2263,Inflasi Tahunan (Y-on-Y) 38 Provinsi (2022=100),Persen,Inflasi,turvar,0,Tidak ada,tahun,126,2026,turtahun,3,Maret,3.37,7400226301263
12,Inflasi Daerah,usecase_ekonomi.ekonomi_inflasi_provinsi_ranking,https://www.bps.go.id/id/statistics-table/2/MjI2MyMy/inflasi-year-on-year--desember-2025.html,"Inflasi Tahunan (Y-on-Y) 38 Provinsi (2022=100) (Persen), 2026",1.0,126,2026,38 Provinsi (2022=100),7400,PROV SULAWESI TENGGARA,2263,Inflasi Tahunan (Y-on-Y) 38 Provinsi (2022=100),Persen,Inflasi,turvar,0,Tidak ada,tahun,126,2026,turtahun,4,April,2.98,7400226301264
12,Inflasi Daerah,usecase_ekonomi.ekonomi_inflasi_provinsi_ranking,https://www.bps.go.id/id/statistics-table/2/MjI2MyMy/inflasi-year-on-year--desember-2025.html,"Inflasi Tahunan (Y-on-Y) 38 Provinsi (2022=100) (Persen), 2026",1.0,126,2026,38 Provinsi (2022=100),7400,PROV SULAWESI TENGGARA,2263,Inflasi Tahunan (Y-on-Y) 38 Provinsi (2022=100),Persen,Inflasi,turvar,0,Tidak ada,tahun,126,2026,turtahun,5,Mei,4.07,7400226301265
12,Inflasi Daerah,usecase_ekonomi.ekonomi_inflasi_provinsi_ranking,https://www.bps.go.id/id/statistics-table/2/MjI2MyMy/inflasi-year-on-year--desember-2025.html,"Inflasi Tahunan (Y-on-Y) 38 Provinsi (2022=100) (Persen), 2026",1.0,126,2026,38 Provinsi (2022=100),7500,PROV GORONTALO,2263,Inflasi Tahunan (Y-on-Y) 38 Provinsi (2022=100),Persen,Inflasi,turvar,0,Tidak ada,tahun,126,2026,turtahun,1,Januari,4.53,7500226301261
12,Inflasi Daerah,usecase_ekonomi.ekonomi_inflasi_provinsi_ranking,https://www.bps.go.id/id/statistics-table/2/MjI2MyMy/inflasi-year-on-year--desember-2025.html,"Inflasi Tahunan (Y-on-Y) 38 Provinsi (2022=100) (Persen), 2026",1.0,126,2026,38 Provinsi (2022=100),7500,PROV GORONTALO,2263,Inflasi Tahunan (Y-on-Y) 38 Provinsi (2022=100),Persen,Inflasi,turvar,0,Tidak ada,tahun,126,2026,turtahun,2,Februari,5.3,7500226301262
12,Inflasi Daerah,usecase_ekonomi.ekonomi_inflasi_provinsi_ranking,https://www.bps.go.id/id/statistics-table/2/MjI2MyMy/inflasi-year-on-year--desember-2025.html,"Inflasi Tahunan (Y-on-Y) 38 Provinsi (2022=100) (Persen), 2026",1.0,126,2026,38 Provinsi (2022=100),7500,PROV GORONTALO,2263,Inflasi Tahunan (Y-on-Y) 38 Provinsi (2022=100),Persen,Inflasi,turvar,0,Tidak ada,tahun,126,2026,turtahun,3,Maret,2.6,7500226301263
12,Inflasi Daerah,usecase_ekonomi.ekonomi_inflasi_provinsi_ranking,https://www.bps.go.id/id/statistics-table/2/MjI2MyMy/inflasi-year-on-year--desember-2025.html,"Inflasi Tahunan (Y-on-Y) 38 Provinsi (2022=100) (Persen), 2026",1.0,126,2026,38 Provinsi (2022=100),7500,PROV GORONTALO,2263,Inflasi Tahunan (Y-on-Y) 38 Provinsi (2022=100),Persen,Inflasi,turvar,0,Tidak ada,tahun,126,2026,turtahun,4,April,2.24,7500226301264
12,Inflasi Daerah,usecase_ekonomi.ekonomi_inflasi_provinsi_ranking,https://www.bps.go.id/id/statistics-table/2/MjI2MyMy/inflasi-year-on-year--desember-2025.html,"Inflasi Tahunan (Y-on-Y) 38 Provinsi (2022=100) (Persen), 2026",1.0,126,2026,38 Provinsi (2022=100),7500,PROV GORONTALO,2263,Inflasi Tahunan (Y-on-Y) 38 Provinsi (2022=100),Persen,Inflasi,turvar,0,Tidak ada,tahun,126,2026,turtahun,5,Mei,2.99,7500226301265
12,Inflasi Daerah,usecase_ekonomi.ekonomi_inflasi_provinsi_ranking,https://www.bps.go.id/id/statistics-table/2/MjI2MyMy/inflasi-year-on-year--desember-2025.html,"Inflasi Tahunan (Y-on-Y) 38 Provinsi (2022=100) (Persen), 2026",1.0,126,2026,38 Provinsi (2022=100),7600,PROV SULAWESI BARAT,2263,Inflasi Tahunan (Y-on-Y) 38 Provinsi (2022=100),Persen,Inflasi,turvar,0,Tidak ada,tahun,126,2026,turtahun,1,Januari,4.34,7600226301261
12,Inflasi Daerah,usecase_ekonomi.ekonomi_inflasi_provinsi_ranking,https://www.bps.go.id/id/statistics-table/2/MjI2MyMy/inflasi-year-on-year--desember-2025.html,"Inflasi Tahunan (Y-on-Y) 38 Provinsi (2022=100) (Persen), 2026",1.0,126,2026,38 Provinsi (2022=100),7600,PROV SULAWESI BARAT,2263,Inflasi Tahunan (Y-on-Y) 38 Provinsi (2022=100),Persen,Inflasi,turvar,0,Tidak ada,tahun,126,2026,turtahun,2,Februari,5.15,7600226301262
12,Inflasi Daerah,usecase_ekonomi.ekonomi_inflasi_provinsi_ranking,https://www.bps.go.id/id/statistics-table/2/MjI2MyMy/inflasi-year-on-year--desember-2025.html,"Inflasi Tahunan (Y-on-Y) 38 Provinsi (2022=100) (Persen), 2026",1.0,126,2026,38 Provinsi (2022=100),7600,PROV SULAWESI BARAT,2263,Inflasi Tahunan (Y-on-Y) 38 Provinsi (2022=100),Persen,Inflasi,turvar,0,Tidak ada,tahun,126,2026,turtahun,3,Maret,2.94,7600226301263
12,Inflasi Daerah,usecase_ekonomi.ekonomi_inflasi_provinsi_ranking,https://www.bps.go.id/id/statistics-table/2/MjI2MyMy/inflasi-year-on-year--desember-2025.html,"Inflasi Tahunan (Y-on-Y) 38 Provinsi (2022=100) (Persen), 2026",1.0,126,2026,38 Provinsi (2022=100),7600,PROV SULAWESI BARAT,2263,Inflasi Tahunan (Y-on-Y) 38 Provinsi (2022=100),Persen,Inflasi,turvar,0,Tidak ada,tahun,126,2026,turtahun,4,April,1.66,7600226301264
12,Inflasi Daerah,usecase_ekonomi.ekonomi_inflasi_provinsi_ranking,https://www.bps.go.id/id/statistics-table/2/MjI2MyMy/inflasi-year-on-year--desember-2025.html,"Inflasi Tahunan (Y-on-Y) 38 Provinsi (2022=100) (Persen), 2026",1.0,126,2026,38 Provinsi (2022=100),7600,PROV SULAWESI BARAT,2263,Inflasi Tahunan (Y-on-Y) 38 Provinsi (2022=100),Persen,Inflasi,turvar,0,Tidak ada,tahun,126,2026,turtahun,5,Mei,1.99,7600226301265
12,Inflasi Daerah,usecase_ekonomi.ekonomi_inflasi_provinsi_ranking,https://www.bps.go.id/id/statistics-table/2/MjI2MyMy/inflasi-year-on-year--desember-2025.html,"Inflasi Tahunan (Y-on-Y) 38 Provinsi (2022=100) (Persen), 2026",1.0,126,2026,38 Provinsi (2022=100),8100,PROV MALUKU,2263,Inflasi Tahunan (Y-on-Y) 38 Provinsi (2022=100),Persen,Inflasi,turvar,0,Tidak ada,tahun,126,2026,turtahun,1,Januari,4.7,8100226301261
12,Inflasi Daerah,usecase_ekonomi.ekonomi_inflasi_provinsi_ranking,https://www.bps.go.id/id/statistics-table/2/MjI2MyMy/inflasi-year-on-year--desember-2025.html,"Inflasi Tahunan (Y-on-Y) 38 Provinsi (2022=100) (Persen), 2026",1.0,126,2026,38 Provinsi (2022=100),8100,PROV MALUKU,2263,Inflasi Tahunan (Y-on-Y) 38 Provinsi (2022=100),Persen,Inflasi,turvar,0,Tidak ada,tahun,126,2026,turtahun,2,Februari,5.97,8100226301262
12,Inflasi Daerah,usecase_ekonomi.ekonomi_inflasi_provinsi_ranking,https://www.bps.go.id/id/statistics-table/2/MjI2MyMy/inflasi-year-on-year--desember-2025.html,"Inflasi Tahunan (Y-on-Y) 38 Provinsi (2022=100) (Persen), 2026",1.0,126,2026,38 Provinsi (2022=100),8100,PROV MALUKU,2263,Inflasi Tahunan (Y-on-Y) 38 Provinsi (2022=100),Persen,Inflasi,turvar,0,Tidak ada,tahun,126,2026,turtahun,3,Maret,3.4,8100226301263
12,Inflasi Daerah,usecase_ekonomi.ekonomi_inflasi_provinsi_ranking,https://www.bps.go.id/id/statistics-table/2/MjI2MyMy/inflasi-year-on-year--desember-2025.html,"Inflasi Tahunan (Y-on-Y) 38 Provinsi (2022=100) (Persen), 2026",1.0,126,2026,38 Provinsi (2022=100),8100,PROV MALUKU,2263,Inflasi Tahunan (Y-on-Y) 38 Provinsi (2022=100),Persen,Inflasi,turvar,0,Tidak ada,tahun,126,2026,turtahun,4,April,3.13,8100226301264
12,Inflasi Daerah,usecase_ekonomi.ekonomi_inflasi_provinsi_ranking,https://www.bps.go.id/id/statistics-table/2/MjI2MyMy/inflasi-year-on-year--desember-2025.html,"Inflasi Tahunan (Y-on-Y) 38 Provinsi (2022=100) (Persen), 2026",1.0,126,2026,38 Provinsi (2022=100),8100,PROV MALUKU,2263,Inflasi Tahunan (Y-on-Y) 38 Provinsi (2022=100),Persen,Inflasi,turvar,0,Tidak ada,tahun,126,2026,turtahun,5,Mei,3.27,8100226301265
12,Inflasi Daerah,usecase_ekonomi.ekonomi_inflasi_provinsi_ranking,https://www.bps.go.id/id/statistics-table/2/MjI2MyMy/inflasi-year-on-year--desember-2025.html,"Inflasi Tahunan (Y-on-Y) 38 Provinsi (2022=100) (Persen), 2026",1.0,126,2026,38 Provinsi (2022=100),8200,PROV MALUKU UTARA,2263,Inflasi Tahunan (Y-on-Y) 38 Provinsi (2022=100),Persen,Inflasi,turvar,0,Tidak ada,tahun,126,2026,turtahun,1,Januari,4.86,8200226301261
12,Inflasi Daerah,usecase_ekonomi.ekonomi_inflasi_provinsi_ranking,https://www.bps.go.id/id/statistics-table/2/MjI2MyMy/inflasi-year-on-year--desember-2025.html,"Inflasi Tahunan (Y-on-Y) 38 Provinsi (2022=100) (Persen), 2026",1.0,126,2026,38 Provinsi (2022=100),8200,PROV MALUKU UTARA,2263,Inflasi Tahunan (Y-on-Y) 38 Provinsi (2022=100),Persen,Inflasi,turvar,0,Tidak ada,tahun,126,2026,turtahun,2,Februari,5.85,8200226301262
12,Inflasi Daerah,usecase_ekonomi.ekonomi_inflasi_provinsi_ranking,https://www.bps.go.id/id/statistics-table/2/MjI2MyMy/inflasi-year-on-year--desember-2025.html,"Inflasi Tahunan (Y-on-Y) 38 Provinsi (2022=100) (Persen), 2026",1.0,126,2026,38 Provinsi (2022=100),8200,PROV MALUKU UTARA,2263,Inflasi Tahunan (Y-on-Y) 38 Provinsi (2022=100),Persen,Inflasi,turvar,0,Tidak ada,tahun,126,2026,turtahun,3,Maret,2.56,8200226301263
12,Inflasi Daerah,usecase_ekonomi.ekonomi_inflasi_provinsi_ranking,https://www.bps.go.id/id/statistics-table/2/MjI2MyMy/inflasi-year-on-year--desember-2025.html,"Inflasi Tahunan (Y-on-Y) 38 Provinsi (2022=100) (Persen), 2026",1.0,126,2026,38 Provinsi (2022=100),8200,PROV MALUKU UTARA,2263,Inflasi Tahunan (Y-on-Y) 38 Provinsi (2022=100),Persen,Inflasi,turvar,0,Tidak ada,tahun,126,2026,turtahun,4,April,2.03,8200226301264
12,Inflasi Daerah,usecase_ekonomi.ekonomi_inflasi_provinsi_ranking,https://www.bps.go.id/id/statistics-table/2/MjI2MyMy/inflasi-year-on-year--desember-2025.html,"Inflasi Tahunan (Y-on-Y) 38 Provinsi (2022=100) (Persen), 2026",1.0,126,2026,38 Provinsi (2022=100),8200,PROV MALUKU UTARA,2263,Inflasi Tahunan (Y-on-Y) 38 Provinsi (2022=100),Persen,Inflasi,turvar,0,Tidak ada,tahun,126,2026,turtahun,5,Mei,2.82,8200226301265
12,Inflasi Daerah,usecase_ekonomi.ekonomi_inflasi_provinsi_ranking,https://www.bps.go.id/id/statistics-table/2/MjI2MyMy/inflasi-year-on-year--desember-2025.html,"Inflasi Tahunan (Y-on-Y) 38 Provinsi (2022=100) (Persen), 2026",1.0,126,2026,38 Provinsi (2022=100),9100,PROV PAPUA BARAT,2263,Inflasi Tahunan (Y-on-Y) 38 Provinsi (2022=100),Persen,Inflasi,turvar,0,Tidak ada,tahun,126,2026,turtahun,1,Januari,5.02,9100226301261
12,Inflasi Daerah,usecase_ekonomi.ekonomi_inflasi_provinsi_ranking,https://www.bps.go.id/id/statistics-table/2/MjI2MyMy/inflasi-year-on-year--desember-2025.html,"Inflasi Tahunan (Y-on-Y) 38 Provinsi (2022=100) (Persen), 2026",1.0,126,2026,38 Provinsi (2022=100),9100,PROV PAPUA BARAT,2263,Inflasi Tahunan (Y-on-Y) 38 Provinsi (2022=100),Persen,Inflasi,turvar,0,Tidak ada,tahun,126,2026,turtahun,2,Februari,5.83,9100226301262
12,Inflasi Daerah,usecase_ekonomi.ekonomi_inflasi_provinsi_ranking,https://www.bps.go.id/id/statistics-table/2/MjI2MyMy/inflasi-year-on-year--desember-2025.html,"Inflasi Tahunan (Y-on-Y) 38 Provinsi (2022=100) (Persen), 2026",1.0,126,2026,38 Provinsi (2022=100),9100,PROV PAPUA BARAT,2263,Inflasi Tahunan (Y-on-Y) 38 Provinsi (2022=100),Persen,Inflasi,turvar,0,Tidak ada,tahun,126,2026,turtahun,3,Maret,3.51,9100226301263
12,Inflasi Daerah,usecase_ekonomi.ekonomi_inflasi_provinsi_ranking,https://www.bps.go.id/id/statistics-table/2/MjI2MyMy/inflasi-year-on-year--desember-2025.html,"Inflasi Tahunan (Y-on-Y) 38 Provinsi (2022=100) (Persen), 2026",1.0,126,2026,38 Provinsi (2022=100),9100,PROV PAPUA BARAT,2263,Inflasi Tahunan (Y-on-Y) 38 Provinsi (2022=100),Persen,Inflasi,turvar,0,Tidak ada,tahun,126,2026,turtahun,4,April,5.0,9100226301264
12,Inflasi Daerah,usecase_ekonomi.ekonomi_inflasi_provinsi_ranking,https://www.bps.go.id/id/statistics-table/2/MjI2MyMy/inflasi-year-on-year--desember-2025.html,"Inflasi Tahunan (Y-on-Y) 38 Provinsi (2022=100) (Persen), 2026",1.0,126,2026,38 Provinsi (2022=100),9100,PROV PAPUA BARAT,2263,Inflasi Tahunan (Y-on-Y) 38 Provinsi (2022=100),Persen,Inflasi,turvar,0,Tidak ada,tahun,126,2026,turtahun,5,Mei,5.94,9100226301265
12,Inflasi Daerah,usecase_ekonomi.ekonomi_inflasi_provinsi_ranking,https://www.bps.go.id/id/statistics-table/2/MjI2MyMy/inflasi-year-on-year--desember-2025.html,"Inflasi Tahunan (Y-on-Y) 38 Provinsi (2022=100) (Persen), 2026",1.0,126,2026,38 Provinsi (2022=100),9200,PROV PAPUA BARAT DAYA,2263,Inflasi Tahunan (Y-on-Y) 38 Provinsi (2022=100),Persen,Inflasi,turvar,0,Tidak ada,tahun,126,2026,turtahun,1,Januari,3.75,9200226301261
12,Inflasi Daerah,usecase_ekonomi.ekonomi_inflasi_provinsi_ranking,https://www.bps.go.id/id/statistics-table/2/MjI2MyMy/inflasi-year-on-year--desember-2025.html,"Inflasi Tahunan (Y-on-Y) 38 Provinsi (2022=100) (Persen), 2026",1.0,126,2026,38 Provinsi (2022=100),9200,PROV PAPUA BARAT DAYA,2263,Inflasi Tahunan (Y-on-Y) 38 Provinsi (2022=100),Persen,Inflasi,turvar,0,Tidak ada,tahun,126,2026,turtahun,2,Februari,4.16,9200226301262
12,Inflasi Daerah,usecase_ekonomi.ekonomi_inflasi_provinsi_ranking,https://www.bps.go.id/id/statistics-table/2/MjI2MyMy/inflasi-year-on-year--desember-2025.html,"Inflasi Tahunan (Y-on-Y) 38 Provinsi (2022=100) (Persen), 2026",1.0,126,2026,38 Provinsi (2022=100),9200,PROV PAPUA BARAT DAYA,2263,Inflasi Tahunan (Y-on-Y) 38 Provinsi (2022=100),Persen,Inflasi,turvar,0,Tidak ada,tahun,126,2026,turtahun,3,Maret,4.09,9200226301263
12,Inflasi Daerah,usecase_ekonomi.ekonomi_inflasi_provinsi_ranking,https://www.bps.go.id/id/statistics-table/2/MjI2MyMy/inflasi-year-on-year--desember-2025.html,"Inflasi Tahunan (Y-on-Y) 38 Provinsi (2022=100) (Persen), 2026",1.0,126,2026,38 Provinsi (2022=100),9200,PROV PAPUA BARAT DAYA,2263,Inflasi Tahunan (Y-on-Y) 38 Provinsi (2022=100),Persen,Inflasi,turvar,0,Tidak ada,tahun,126,2026,turtahun,4,April,3.85,9200226301264
12,Inflasi Daerah,usecase_ekonomi.ekonomi_inflasi_provinsi_ranking,https://www.bps.go.id/id/statistics-table/2/MjI2MyMy/inflasi-year-on-year--desember-2025.html,"Inflasi Tahunan (Y-on-Y) 38 Provinsi (2022=100) (Persen), 2026",1.0,126,2026,38 Provinsi (2022=100),9200,PROV PAPUA BARAT DAYA,2263,Inflasi Tahunan (Y-on-Y) 38 Provinsi (2022=100),Persen,Inflasi,turvar,0,Tidak ada,tahun,126,2026,turtahun,5,Mei,3.8,9200226301265
12,Inflasi Daerah,usecase_ekonomi.ekonomi_inflasi_provinsi_ranking,https://www.bps.go.id/id/statistics-table/2/MjI2MyMy/inflasi-year-on-year--desember-2025.html,"Inflasi Tahunan (Y-on-Y) 38 Provinsi (2022=100) (Persen), 2026",1.0,126,2026,38 Provinsi (2022=100),9400,PROV PAPUA,2263,Inflasi Tahunan (Y-on-Y) 38 Provinsi (2022=100),Persen,Inflasi,turvar,0,Tidak ada,tahun,126,2026,turtahun,1,Januari,3.33,9400226301261
12,Inflasi Daerah,usecase_ekonomi.ekonomi_inflasi_provinsi_ranking,https://www.bps.go.id/id/statistics-table/2/MjI2MyMy/inflasi-year-on-year--desember-2025.html,"Inflasi Tahunan (Y-on-Y) 38 Provinsi (2022=100) (Persen), 2026",1.0,126,2026,38 Provinsi (2022=100),9400,PROV PAPUA,2263,Inflasi Tahunan (Y-on-Y) 38 Provinsi (2022=100),Persen,Inflasi,turvar,0,Tidak ada,tahun,126,2026,turtahun,2,Februari,3.94,9400226301262
12,Inflasi Daerah,usecase_ekonomi.ekonomi_inflasi_provinsi_ranking,https://www.bps.go.id/id/statistics-table/2/MjI2MyMy/inflasi-year-on-year--desember-2025.html,"Inflasi Tahunan (Y-on-Y) 38 Provinsi (2022=100) (Persen), 2026",1.0,126,2026,38 Provinsi (2022=100),9400,PROV PAPUA,2263,Inflasi Tahunan (Y-on-Y) 38 Provinsi (2022=100),Persen,Inflasi,turvar,0,Tidak ada,tahun,126,2026,turtahun,3,Maret,3.5,9400226301263
12,Inflasi Daerah,usecase_ekonomi.ekonomi_inflasi_provinsi_ranking,https://www.bps.go.id/id/statistics-table/2/MjI2MyMy/inflasi-year-on-year--desember-2025.html,"Inflasi Tahunan (Y-on-Y) 38 Provinsi (2022=100) (Persen), 2026",1.0,126,2026,38 Provinsi (2022=100),9400,PROV PAPUA,2263,Inflasi Tahunan (Y-on-Y) 38 Provinsi (2022=100),Persen,Inflasi,turvar,0,Tidak ada,tahun,126,2026,turtahun,4,April,3.8,9400226301264
12,Inflasi Daerah,usecase_ekonomi.ekonomi_inflasi_provinsi_ranking,https://www.bps.go.id/id/statistics-table/2/MjI2MyMy/inflasi-year-on-year--desember-2025.html,"Inflasi Tahunan (Y-on-Y) 38 Provinsi (2022=100) (Persen), 2026",1.0,126,2026,38 Provinsi (2022=100),9400,PROV PAPUA,2263,Inflasi Tahunan (Y-on-Y) 38 Provinsi (2022=100),Persen,Inflasi,turvar,0,Tidak ada,tahun,126,2026,turtahun,5,Mei,2.79,9400226301265
12,Inflasi Daerah,usecase_ekonomi.ekonomi_inflasi_provinsi_ranking,https://www.bps.go.id/id/statistics-table/2/MjI2MyMy/inflasi-year-on-year--desember-2025.html,"Inflasi Tahunan (Y-on-Y) 38 Provinsi (2022=100) (Persen), 2026",1.0,126,2026,38 Provinsi (2022=100),9500,PROV PAPUA SELATAN,2263,Inflasi Tahunan (Y-on-Y) 38 Provinsi (2022=100),Persen,Inflasi,turvar,0,Tidak ada,tahun,126,2026,turtahun,1,Januari,4.83,9500226301261
12,Inflasi Daerah,usecase_ekonomi.ekonomi_inflasi_provinsi_ranking,https://www.bps.go.id/id/statistics-table/2/MjI2MyMy/inflasi-year-on-year--desember-2025.html,"Inflasi Tahunan (Y-on-Y) 38 Provinsi (2022=100) (Persen), 2026",1.0,126,2026,38 Provinsi (2022=100),9500,PROV PAPUA SELATAN,2263,Inflasi Tahunan (Y-on-Y) 38 Provinsi (2022=100),Persen,Inflasi,turvar,0,Tidak ada,tahun,126,2026,turtahun,2,Februari,5.5,9500226301262
12,Inflasi Daerah,usecase_ekonomi.ekonomi_inflasi_provinsi_ranking,https://www.bps.go.id/id/statistics-table/2/MjI2MyMy/inflasi-year-on-year--desember-2025.html,"Inflasi Tahunan (Y-on-Y) 38 Provinsi (2022=100) (Persen), 2026",1.0,126,2026,38 Provinsi (2022=100),9500,PROV PAPUA SELATAN,2263,Inflasi Tahunan (Y-on-Y) 38 Provinsi (2022=100),Persen,Inflasi,turvar,0,Tidak ada,tahun,126,2026,turtahun,3,Maret,3.6,9500226301263
12,Inflasi Daerah,usecase_ekonomi.ekonomi_inflasi_provinsi_ranking,https://www.bps.go.id/id/statistics-table/2/MjI2MyMy/inflasi-year-on-year--desember-2025.html,"Inflasi Tahunan (Y-on-Y) 38 Provinsi (2022=100) (Persen), 2026",1.0,126,2026,38 Provinsi (2022=100),9500,PROV PAPUA SELATAN,2263,Inflasi Tahunan (Y-on-Y) 38 Provinsi (2022=100),Persen,Inflasi,turvar,0,Tidak ada,tahun,126,2026,turtahun,4,April,3.34,9500226301264
12,Inflasi Daerah,usecase_ekonomi.ekonomi_inflasi_provinsi_ranking,https://www.bps.go.id/id/statistics-table/2/MjI2MyMy/inflasi-year-on-year--desember-2025.html,"Inflasi Tahunan (Y-on-Y) 38 Provinsi (2022=100) (Persen), 2026",1.0,126,2026,38 Provinsi (2022=100),9500,PROV PAPUA SELATAN,2263,Inflasi Tahunan (Y-on-Y) 38 Provinsi (2022=100),Persen,Inflasi,turvar,0,Tidak ada,tahun,126,2026,turtahun,5,Mei,2.17,9500226301265
12,Inflasi Daerah,usecase_ekonomi.ekonomi_inflasi_provinsi_ranking,https://www.bps.go.id/id/statistics-table/2/MjI2MyMy/inflasi-year-on-year--desember-2025.html,"Inflasi Tahunan (Y-on-Y) 38 Provinsi (2022=100) (Persen), 2026",1.0,126,2026,38 Provinsi (2022=100),9600,PROV PAPUA TENGAH,2263,Inflasi Tahunan (Y-on-Y) 38 Provinsi (2022=100),Persen,Inflasi,turvar,0,Tidak ada,tahun,126,2026,turtahun,1,Januari,4.85,9600226301261
12,Inflasi Daerah,usecase_ekonomi.ekonomi_inflasi_provinsi_ranking,https://www.bps.go.id/id/statistics-table/2/MjI2MyMy/inflasi-year-on-year--desember-2025.html,"Inflasi Tahunan (Y-on-Y) 38 Provinsi (2022=100) (Persen), 2026",1.0,126,2026,38 Provinsi (2022=100),9600,PROV PAPUA TENGAH,2263,Inflasi Tahunan (Y-on-Y) 38 Provinsi (2022=100),Persen,Inflasi,turvar,0,Tidak ada,tahun,126,2026,turtahun,2,Februari,4.93,9600226301262
12,Inflasi Daerah,usecase_ekonomi.ekonomi_inflasi_provinsi_ranking,https://www.bps.go.id/id/statistics-table/2/MjI2MyMy/inflasi-year-on-year--desember-2025.html,"Inflasi Tahunan (Y-on-Y) 38 Provinsi (2022=100) (Persen), 2026",1.0,126,2026,38 Provinsi (2022=100),9600,PROV PAPUA TENGAH,2263,Inflasi Tahunan (Y-on-Y) 38 Provinsi (2022=100),Persen,Inflasi,turvar,0,Tidak ada,tahun,126,2026,turtahun,3,Maret,2.54,9600226301263
12,Inflasi Daerah,usecase_ekonomi.ekonomi_inflasi_provinsi_ranking,https://www.bps.go.id/id/statistics-table/2/MjI2MyMy/inflasi-year-on-year--desember-2025.html,"Inflasi Tahunan (Y-on-Y) 38 Provinsi (2022=100) (Persen), 2026",1.0,126,2026,38 Provinsi (2022=100),9600,PROV PAPUA TENGAH,2263,Inflasi Tahunan (Y-on-Y) 38 Provinsi (2022=100),Persen,Inflasi,turvar,0,Tidak ada,tahun,126,2026,turtahun,4,April,1.53,9600226301264
12,Inflasi Daerah,usecase_ekonomi.ekonomi_inflasi_provinsi_ranking,https://www.bps.go.id/id/statistics-table/2/MjI2MyMy/inflasi-year-on-year--desember-2025.html,"Inflasi Tahunan (Y-on-Y) 38 Provinsi (2022=100) (Persen), 2026",1.0,126,2026,38 Provinsi (2022=100),9600,PROV PAPUA TENGAH,2263,Inflasi Tahunan (Y-on-Y) 38 Provinsi (2022=100),Persen,Inflasi,turvar,0,Tidak ada,tahun,126,2026,turtahun,5,Mei,2.05,9600226301265
12,Inflasi Daerah,usecase_ekonomi.ekonomi_inflasi_provinsi_ranking,https://www.bps.go.id/id/statistics-table/2/MjI2MyMy/inflasi-year-on-year--desember-2025.html,"Inflasi Tahunan (Y-on-Y) 38 Provinsi (2022=100) (Persen), 2026",1.0,126,2026,38 Provinsi (2022=100),9700,PROV PAPUA PEGUNUNGAN,2263,Inflasi Tahunan (Y-on-Y) 38 Provinsi (2022=100),Persen,Inflasi,turvar,0,Tidak ada,tahun,126,2026,turtahun,1,Januari,2.93,9700226301261
12,Inflasi Daerah,usecase_ekonomi.ekonomi_inflasi_provinsi_ranking,https://www.bps.go.id/id/statistics-table/2/MjI2MyMy/inflasi-year-on-year--desember-2025.html,"Inflasi Tahunan (Y-on-Y) 38 Provinsi (2022=100) (Persen), 2026",1.0,126,2026,38 Provinsi (2022=100),9700,PROV PAPUA PEGUNUNGAN,2263,Inflasi Tahunan (Y-on-Y) 38 Provinsi (2022=100),Persen,Inflasi,turvar,0,Tidak ada,tahun,126,2026,turtahun,2,Februari,0.63,9700226301262
12,Inflasi Daerah,usecase_ekonomi.ekonomi_inflasi_provinsi_ranking,https://www.bps.go.id/id/statistics-table/2/MjI2MyMy/inflasi-year-on-year--desember-2025.html,"Inflasi Tahunan (Y-on-Y) 38 Provinsi (2022=100) (Persen), 2026",1.0,126,2026,38 Provinsi (2022=100),9700,PROV PAPUA PEGUNUNGAN,2263,Inflasi Tahunan (Y-on-Y) 38 Provinsi (2022=100),Persen,Inflasi,turvar,0,Tidak ada,tahun,126,2026,turtahun,3,Maret,3.14,9700226301263
12,Inflasi Daerah,usecase_ekonomi.ekonomi_inflasi_provinsi_ranking,https://www.bps.go.id/id/statistics-table/2/MjI2MyMy/inflasi-year-on-year--desember-2025.html,"Inflasi Tahunan (Y-on-Y) 38 Provinsi (2022=100) (Persen), 2026",1.0,126,2026,38 Provinsi (2022=100),9700,PROV PAPUA PEGUNUNGAN,2263,Inflasi Tahunan (Y-on-Y) 38 Provinsi (2022=100),Persen,Inflasi,turvar,0,Tidak ada,tahun,126,2026,turtahun,4,April,4.89,9700226301264
12,Inflasi Daerah,usecase_ekonomi.ekonomi_inflasi_provinsi_ranking,https://www.bps.go.id/id/statistics-table/2/MjI2MyMy/inflasi-year-on-year--desember-2025.html,"Inflasi Tahunan (Y-on-Y) 38 Provinsi (2022=100) (Persen), 2026",1.0,126,2026,38 Provinsi (2022=100),9700,PROV PAPUA PEGUNUNGAN,2263,Inflasi Tahunan (Y-on-Y) 38 Provinsi (2022=100),Persen,Inflasi,turvar,0,Tidak ada,tahun,126,2026,turtahun,5,Mei,4.44,9700226301265
12,Inflasi Daerah,usecase_ekonomi.ekonomi_inflasi_provinsi_ranking,https://www.bps.go.id/id/statistics-table/2/MjI2MyMy/inflasi-year-on-year--desember-2025.html,"Inflasi Tahunan (Y-on-Y) 38 Provinsi (2022=100) (Persen), 2026",1.0,126,2026,38 Provinsi (2022=100),9999,INDONESIA,2263,Inflasi Tahunan (Y-on-Y) 38 Provinsi (2022=100),Persen,Inflasi,turvar,0,Tidak ada,tahun,126,2026,turtahun,1,Januari,3.55,9999226301261
12,Inflasi Daerah,usecase_ekonomi.ekonomi_inflasi_provinsi_ranking,https://www.bps.go.id/id/statistics-table/2/MjI2MyMy/inflasi-year-on-year--desember-2025.html,"Inflasi Tahunan (Y-on-Y) 38 Provinsi (2022=100) (Persen), 2026",1.0,126,2026,38 Provinsi (2022=100),9999,INDONESIA,2263,Inflasi Tahunan (Y-on-Y) 38 Provinsi (2022=100),Persen,Inflasi,turvar,0,Tidak ada,tahun,126,2026,turtahun,2,Februari,4.76,9999226301262
12,Inflasi Daerah,usecase_ekonomi.ekonomi_inflasi_provinsi_ranking,https://www.bps.go.id/id/statistics-table/2/MjI2MyMy/inflasi-year-on-year--desember-2025.html,"Inflasi Tahunan (Y-on-Y) 38 Provinsi (2022=100) (Persen), 2026",1.0,126,2026,38 Provinsi (2022=100),9999,INDONESIA,2263,Inflasi Tahunan (Y-on-Y) 38 Provinsi (2022=100),Persen,Inflasi,turvar,0,Tidak ada,tahun,126,2026,turtahun,3,Maret,3.48,9999226301263
12,Inflasi Daerah,usecase_ekonomi.ekonomi_inflasi_provinsi_ranking,https://www.bps.go.id/id/statistics-table/2/MjI2MyMy/inflasi-year-on-year--desember-2025.html,"Inflasi Tahunan (Y-on-Y) 38 Provinsi (2022=100) (Persen), 2026",1.0,126,2026,38 Provinsi (2022=100),9999,INDONESIA,2263,Inflasi Tahunan (Y-on-Y) 38 Provinsi (2022=100),Persen,Inflasi,turvar,0,Tidak ada,tahun,126,2026,turtahun,4,April,2.42,9999226301264
12,Inflasi Daerah,usecase_ekonomi.ekonomi_inflasi_provinsi_ranking,https://www.bps.go.id/id/statistics-table/2/MjI2MyMy/inflasi-year-on-year--desember-2025.html,"Inflasi Tahunan (Y-on-Y) 38 Provinsi (2022=100) (Persen), 2026",1.0,126,2026,38 Provinsi (2022=100),9999,INDONESIA,2263,Inflasi Tahunan (Y-on-Y) 38 Provinsi (2022=100),Persen,Inflasi,turvar,0,Tidak ada,tahun,126,2026,turtahun,5,Mei,3.08,9999226301265
